condition,brain_ID,filename,X_distance,Y_distance,PV_relative_to_starter_Y,Average_starter_X,Average_starter_Y,XYZ_distance,layer
Ta1 Cre-OFF,CBLK1843_1E,CBLK1843_1E_s53_2,-69.90575000000013,30.46835424565097,288.75334651407013,855.0997500000001,258.28499226841916,76.4207726570531,Layer 2/3
Ta1 Cre-OFF,CBLK1843_1E,CBLK1843_1E_s53_2,-54.78275000000019,-60.06890758227286,198.2160846861463,855.0997500000001,258.28499226841916,81.45196962437531,Layer 2/3
Ta1 Cre-OFF,CBLK1843_1E,CBLK1843_1E_s53_2,-85.62075000000004,348.238252703072,606.5232449714912,855.0997500000001,258.28499226841916,358.64438302621045,Layer 5b
Ta1 Cre-OFF,CBLK1843_1E,CBLK1843_1E_s53_2,-120.80875000000003,442.72835286272493,701.0133451311441,855.0997500000001,258.28499226841916,458.9424239543605,Layer 5b
Ta1 Cre-OFF,CBLK1843_1E,CBLK1843_1E_s59_2,-103.90625000000011,-76.51472120880382,156.8982296958972,919.9392500000001,233.412950904701,129.07366637205087,Layer 2/3
Ta1 Cre-OFF,CBLK1843_1E,CBLK1843_1E_s59_2,-96.88924999999995,1.1028281598229057,234.5157790645239,919.9392500000001,233.412950904701,97.14804679206159,Layer 2/3
Ta1 Cre-OFF,CBLK1843_1E,CBLK1843_1E_s59_2,-457.4612500000001,354.9490241833072,588.3619750880082,919.9392500000001,233.412950904701,579.0238380414442,Layer 5a
Ta1 Cre-OFF,CBLK1843_1E,CBLK1843_1E_s59_2,129.4577499999998,228.57758083299257,461.9905317376936,919.9392500000001,233.412950904701,262.78512038265353,Layer 4
Ta1 Cre-OFF,CBLK1843_1E,CBLK1843_1E_s59_2,158.51674999999977,141.0886410987265,374.5015920034275,919.9392500000001,233.412950904701,212.3265519845497,Layer 4
Ta1 Cre-OFF,CBLK1843_1E,CBLK1843_1E_s62_1,-600.9245999999999,452.6278760311985,730.3142388934494,625.2396,277.6863628622509,752.3248028914599,Layer 5b
Ta1 Cre-OFF,CBLK1843_1E,CBLK1843_1E_s62_1,-605.3726,230.76265724824242,508.44902011049334,625.2396,277.6863628622509,647.8642055330962,Layer 5a
Ta1 Cre-OFF,CBLK1843_1E,CBLK1843_1E_s62_1,-277.7136,243.23529070273105,520.921653564982,625.2396,277.6863628622509,369.17325237373586,Layer 5a
Ta1 Cre-OFF,CBLK1843_1E,CBLK1843_1E_s62_1,-46.12959999999998,134.26377972971267,411.9501425919636,625.2396,277.6863628622509,142.00331877624834,Layer 4
Ta1 Cre-OFF,CBLK1843_1E,CBLK1843_1E_s62_1,26.815399999999954,143.77918559793216,421.4655484601831,625.2396,277.6863628622509,146.43551443678072,Layer 4
Ta1 Cre-OFF,CBLK1843_1E,CBLK1843_1E_s62_1,-257.2536,170.69015363328947,448.3765164955404,625.2396,277.6863628622509,308.74711862674275,Layer 4
Ta1 Cre-OFF,CBLK1843_1E,CBLK1843_1E_s62_1,118.93539999999996,221.95428531361028,499.6406481758612,625.2396,277.6863628622509,251.83243266552367,Layer 5a
Ta1 Cre-OFF,CBLK1843_1E,CBLK1843_1E_s71_1,197.98860000000002,506.21337997926787,770.2480115074625,485.20140000000004,264.0346315281946,543.592155756496,Layer 5b
Ta1 Cre-OFF,CBLK1843_1E,CBLK1843_1E_s71_1,226.55359999999996,271.1898345260714,535.224466054266,485.20140000000004,264.0346315281946,353.3782959142199,Layer 5a
Ta1 Cre-OFF,CBLK1843_1E,CBLK1843_1E_s71_1,493.6225999999998,248.34002410932817,512.3746556375228,485.20140000000004,264.0346315281946,552.5745187803917,Layer 4
Ta1 Cre-OFF,CBLK1843_1E,CBLK1843_1E_s71_1,-11.653400000000033,267.93432322927094,531.9689547574656,485.20140000000004,264.0346315281946,268.263980615899,Layer 4
Ta1 Cre-OFF,CBLK1843_1E,CBLK1843_1E_s71_1,176.34259999999995,164.1424091783918,428.1770407065864,485.20140000000004,264.0346315281946,240.99876154380252,Layer 4
Ta1 Cre-OFF,CBLK1843_1E,CBLK1843_1E_s71_1,493.6225999999998,326.12802410932807,590.1626556375227,485.20140000000004,264.0346315281946,591.629376671083,Layer 5a
Ta1 Cre-OFF,CBLK1843_1E,CBLK1843_1E_s71_1,200.6576,340.1712499502953,604.2058814784899,485.20140000000004,264.0346315281946,394.9462137184079,Layer 5a
Ta1 Cre-OFF,CBLK1843_1E,CBLK1843_1E_s71_2,70.63400000000013,121.81087650228963,369.6829657538409,527.157,247.87208925155127,140.80945135272728,Layer 4
Ta1 Cre-OFF,CBLK1843_1E,CBLK1843_1E_s71_2,-4.386000000000081,259.5348080417451,507.4068972932964,527.157,247.87208925155127,259.5723474896074,Layer 4
Ta1 Cre-OFF,CBLK1843_1E,CBLK1843_1E_s71_2,-191.7890000000001,120.42933643327822,368.3014256848295,527.157,247.87208925155127,226.49171197807604,Layer 4
Ta1 Cre-OFF,CBLK1843_1E,CBLK1843_1E_s71_2,-332.341,4.183965882380932,252.0560551339322,527.157,247.87208925155127,332.38576361135705,Layer 2/3
Ta1 Cre-OFF,CBLK1843_1E,CBLK1843_1E_s71_2,150.99199999999996,519.731266296617,767.6033555481683,527.157,247.87208925155127,541.2387857778534,Layer 5b
Ta1 Cre-OFF,CBLK1843_1E,CBLK1843_1E_s71_2,432.88699999999994,383.18093294695825,631.0530221985096,527.157,247.87208925155127,578.1271764439908,Layer 5a
Ta1 Cre-OFF,CBLK1843_1E,CBLK1843_1E_s71_2,-388.08700000000005,481.9755195784762,729.8476088300275,527.157,247.87208925155127,618.8086707876208,Layer 5b
Ta1 Cre-OFF,CBLK1843_1F,CBLK1843_1F_s59,-360.65166666666676,194.89323960173118,521.9885815933421,538.5656666666667,327.09534199161095,409.95967763876496,Layer 4
Ta1 Cre-OFF,CBLK1843_1F,CBLK1843_1F_s59,-355.6106666666667,64.67039003050127,391.7657320221122,538.5656666666667,327.09534199161095,361.46840807773606,Layer 4
Ta1 Cre-OFF,CBLK1843_1F,CBLK1843_1F_s59,139.1883333333334,-24.457400184129995,302.63794180748096,538.5656666666667,327.09534199161095,141.85213312103883,Layer 2/3
Ta1 Cre-OFF,CBLK1843_1F,CBLK1843_1F_s59_2,-276.693125,417.3381992423581,722.7082226486363,361.499125,305.37002340627816,500.7656717159432,Layer 5b
Ta1 Cre-OFF,CBLK1843_1F,CBLK1843_1F_s59_2,-43.132124999999974,630.7538968279482,936.1239202342264,361.499125,305.37002340627816,632.2300677527585,Layer 6
Ta1 Cre-OFF,CBLK1843_1F,CBLK1843_1F_s59_2,-26.131125000000054,323.4414728321459,628.8114962384241,361.499125,305.37002340627816,324.55080040202245,Layer 5a
Ta1 Cre-OFF,CBLK1843_1F,CBLK1843_1F_s60,-186.5915263157895,151.80589091883354,436.7985767264896,428.5545263157895,284.9926858076561,240.55323390775843,Layer 4
Ta1 Cre-OFF,CBLK1843_1F,CBLK1843_1F_s60,-163.16552631578946,18.626542695735054,303.6192285033911,428.5545263157895,284.9926858076561,164.33870910084383,Layer 2/3
Ta1 Cre-OFF,CBLK1843_1F,CBLK1843_1F_s60,30.562473684210545,216.72714233099163,501.7198281386477,428.5545263157895,284.9926858076561,218.95083225028773,Layer 4
Ta1 Cre-OFF,CBLK1843_1F,CBLK1843_1F_s60,-12.927526315789464,77.80604737528347,362.79873318293954,428.5545263157895,284.9926858076561,79.51740871218446,Layer 2/3
Ta1 Cre-OFF,CBLK1843_1F,CBLK1843_1F_s60,205.31347368421058,613.2170077541896,898.2096935618456,428.5545263157895,284.9926858076561,646.7019939645435,Layer 6
Ta1 Cre-OFF,CBLK1843_1F,CBLK1843_1F_s60,251.96647368421048,70.28090036003533,355.2735861676914,428.5545263157895,284.9926858076561,261.65584850046884,Layer 2/3
Ta1 Cre-OFF,CBLK1843_1G,CBLK1843_1G_s50,-239.21200000000005,256.9268711374954,561.7718318947054,567.167,304.84496075721,351.25175879488944,Layer 4
Ta1 Cre-OFF,CBLK1843_1G,CBLK1843_1G_s50,-136.911,6.856448763857827,311.70140952106783,567.167,304.84496075721,137.08257661224278,Layer 2/3
Ta1 Cre-OFF,CBLK1843_1G,CBLK1843_1G_s50,183.33399999999995,183.8212592146399,488.6662199718499,567.167,304.84496075721,259.6490148166478,Layer 4
Ta1 Cre-OFF,CBLK1843_1G,CBLK1843_1G_s50,44.165999999999826,245.32779114758154,550.1727519047915,567.167,304.84496075721,249.30375180761195,Layer 4
Ta1 Cre-OFF,CBLK1843_1G,CBLK1843_1G_s50,67.09699999999998,34.81698859443992,339.6619493516499,567.167,304.84496075721,75.69828336088842,Layer 2/3
Ta1 Cre-OFF,CBLK1843_1G,CBLK1843_1G_s50,73.22500000000002,466.6807566596603,771.5257174168703,567.167,304.84496075721,472.6614319588949,Layer 5a
Ta1 Cre-OFF,CBLK1843_1G,CBLK1843_1G_s50,209.23000000000002,324.57499659508443,629.4199573522944,567.167,304.84496075721,386.4998335248012,Layer 4
Ta1 Cre-OFF,CBLK1843_1G,CBLK1843_1G_s50,37.83999999999992,344.81817010861704,649.663130865827,567.167,304.84496075721,347.25701726107013,Layer 4
Ta1 Cre-OFF,CBLK1843_1G,CBLK1843_1G_s50,-463.483,644.5413065517093,949.3862673089193,567.167,304.84496075721,793.8929317863867,Layer 6
Ta1 Cre-OFF,CBLK1843_1G,CBLK1843_1G_s50,-44.000999999999976,605.406272244745,910.2512330019549,567.167,304.84496075721,607.0558808497602,Layer 5b
Ta1 Cre-OFF,CBLK1843_1G,CBLK1843_1G_s50,-84.72299999999996,273.57490131738683,578.4198620745968,567.167,304.84496075721,286.42139123993155,Layer 4
Ta1 Cre-OFF,CBLK1843_1G,CBLK1843_1G_s58,-243.3631666666666,172.1605279553355,521.4875136574926,353.6701666666666,349.3269857021571,298.1140543265257,Layer 4
Ta1 Cre-OFF,CBLK1843_1G,CBLK1843_1G_s58,-87.68816666666658,81.84475088645911,431.1717365886162,353.6701666666666,349.3269857021571,119.97870199389038,Layer 4
Ta1 Cre-OFF,CBLK1843_1G,CBLK1843_1G_s58,381.4118333333334,513.6109223238241,862.9379080259812,353.6701666666666,349.3269857021571,639.7486047254303,Layer 5b
Ta1 Cre-OFF,CBLK1843_1G,CBLK1843_1G_s58,329.2238333333334,637.5601144029724,986.8871001051295,353.6701666666666,349.3269857021571,717.6245604004949,Layer 6
Ta1 Cre-OFF,CBLK1843_1G,CBLK1843_1G_s58,290.08283333333344,642.7796249983285,992.1066107004856,353.6701666666666,349.3269857021571,705.2362306008752,Layer 6
Ta1 Cre-OFF,CBLK1843_1G,CBLK1843_1G_s58,285.9308333333334,292.63452014608185,641.961505848239,353.6701666666666,349.3269857021571,409.2739688883228,Layer 5a
Ta1 Cre-OFF,CBLK1843_1G,CBLK1843_1G_s58,363.0268333333335,235.23124871146672,584.5582344136238,353.6701666666666,349.3269857021571,432.70775341812583,Layer 4
Ta1 Cre-OFF,CBLK1843_1G,CBLK1843_1G_s58,416.4018333333334,247.43236566296582,596.7593513651229,353.6701666666666,349.3269857021571,484.4588460251747,Layer 4
Ta1 Cre-OFF,CBLK1843_1G,CBLK1843_1G_s58,415.61083333333335,137.1854833578783,486.5124690600354,353.6701666666666,349.3269857021571,437.76629922742296,Layer 4
Ta1 Cre-OFF,CBLK1843_1G,CBLK1843_1G_s58,537.3828333333333,7.392672303253505,356.7196580054106,353.6701666666666,349.3269857021571,537.5147181950049,Layer 2/3
Ta1 Cre-OFF,CBLK1843_1G,CBLK1843_1G_s58,302.5368333333334,-25.862612109723614,323.4643735924335,353.6701666666666,349.3269857021571,303.6431919313801,Layer 2/3
Ta1 Cre-OFF,CBLK1843_1G,CBLK1843_1G_s58,128.57583333333338,214.36668198252596,563.6936676846831,353.6701666666666,349.3269857021571,250.19711636894684,Layer 4
Ta1 Cre-OFF,CBLK1843_1G,CBLK1843_1G_s58,575.3378333333335,227.39437937491198,576.7213650770691,353.6701666666666,349.3269857021571,618.7371041191676,Layer 4
Ta1 Cre-OFF,CBLK1843_1G,CBLK1843_1G_s58_2,19.422800000000052,114.49692915674859,409.7048070884311,493.56319999999994,295.2078779316825,116.13333692857321,Layer 4
Ta1 Cre-OFF,CBLK1843_1G,CBLK1843_1G_s58_2,-160.5672,2.03831417021064,297.24619210189314,493.56319999999994,295.2078779316825,160.58063532224702,Layer 2/3
Ta1 Cre-OFF,CBLK1843_1G,CBLK1843_1G_s58_2,-251.89619999999994,253.650740714415,548.8586186460975,493.56319999999994,295.2078779316825,357.47804665379294,Layer 4
Ta1 Cre-OFF,CBLK1843_1G,CBLK1843_1G_s58_2,155.5268000000001,282.16063914083014,577.3685170725126,493.56319999999994,295.2078779316825,322.18530661500034,Layer 4
Ta1 Cre-OFF,CBLK1843_1G,CBLK1843_1G_s58_2,-401.93719999999996,-9.012661155768228,286.1952167759143,493.56319999999994,295.2078779316825,402.06230960505195,Layer 2/3
Ta1 Cre-OFF,CBLK1843_1G,CBLK1843_1G_s58_2,-72.40119999999996,503.428629048033,798.6365069797155,493.56319999999994,295.2078779316825,508.60837420025047,Layer 5b
Ta1 Cre-OFF,CBLK1843_1G,CBLK1843_1G_s58_2,93.6518000000001,548.9974269840952,844.2053049157778,493.56319999999994,295.2078779316825,556.9281771273537,Layer 5b
Ta1 Cre-OFF,CBLK1843_1G,CBLK1843_1G_s58_2,308.53280000000007,567.4048143304128,862.6126922620954,493.56319999999994,295.2078779316825,645.8644377895181,Layer 5b
Ta1 Cre-OFF,CBLK1843_1G,CBLK1843_1G_s59,27.204153846153872,176.7636778579107,503.02173324915344,314.39084615384616,326.25805539124275,178.9305405808451,Layer 4
Ta1 Cre-OFF,CBLK1843_1G,CBLK1843_1G_s59,104.00415384615388,194.39193167433467,520.6499870655774,314.39084615384616,326.25805539124275,220.53517105792142,Layer 4
Ta1 Cre-OFF,CBLK1843_1G,CBLK1843_1G_s59,147.88915384615382,235.64877243803238,561.9068278292751,314.39084615384616,326.25805539124275,278.2155866244525,Layer 4
Ta1 Cre-OFF,CBLK1843_1G,CBLK1843_1G_s59,170.42515384615382,237.9286080747658,564.1866634660086,314.39084615384616,326.25805539124275,292.672380773769,Layer 4
Ta1 Cre-OFF,CBLK1843_1G,CBLK1843_1G_s59,268.8711538461538,133.28377334490062,459.5418287361434,314.39084615384616,326.25805539124275,300.16331069420676,Layer 4
Ta1 Cre-OFF,CBLK1843_1G,CBLK1843_1G_s59,402.8991538461538,-63.63000723606518,262.62804815517757,314.39084615384616,326.25805539124275,407.9001901965799,Layer 2/3
Ta1 Cre-OFF,CBLK1843_1G,CBLK1843_1G_s59,486.5191538461538,-64.66582043930975,261.592234951933,314.39084615384616,326.25805539124275,490.8291250002179,Layer 2/3
Ta1 Cre-OFF,CBLK1843_1G,CBLK1843_1G_s59,445.0061538461538,128.23566212987976,454.4937175211225,314.39084615384616,326.25805539124275,463.1474242172231,Layer 4
Ta1 Cre-OFF,CBLK1843_1G,CBLK1843_1G_s59,-61.45584615384615,384.550067275088,710.8081226663307,314.39084615384616,326.25805539124275,389.43284675495113,Layer 5a
Ta1 Cre-OFF,CBLK1843_1G,CBLK1843_1G_s59,483.5541538461539,495.2397767098544,821.4978321010972,314.39084615384616,326.25805539124275,692.165525946716,Layer 5b
Ta1 Cre-OFF,CBLK1843_1G,CBLK1843_1G_s59,497.194153846154,535.2265931672393,861.4846485584821,314.39084615384616,326.25805539124275,730.5478815303044,Layer 5b
Ta1 Cre-OFF,CBLK1843_1G,CBLK1843_1G_s59,577.2551538461538,22.178764285360614,348.43681967660336,314.39084615384616,326.25805539124275,577.7171987282898,Layer 2/3
Ta1 Cre-OFF,CBLK1843_1G,CBLK1843_1G_s59,329.3621538461539,168.75945631589758,495.01751170714033,314.39084615384616,326.25805539124275,370.2028696954355,Layer 4
Ta1 Cre-OFF,CBLK1843_1G,CBLK1843_1G_s59,544.638153846154,241.866003349133,568.1240587403757,314.39084615384616,326.25805539124275,595.962778770889,Layer 4
Ta1 Cre-OFF,CBLK1843_1G,CBLK1843_1G_s59,32.44315384615385,130.34628526439656,456.6043406556393,314.39084615384616,326.25805539124275,134.43729716832925,Layer 4
Ta1 Cre-OFF,CBLK1843_1G,CBLK1843_1G_s59,107.16715384615384,111.42261461712906,437.6806700083718,314.39084615384616,326.25805539124275,154.69477194726227,Layer 4
Ta1 Cre-OFF,CBLK1843_1G,CBLK1843_1G_s59_2,-270.7853999999999,33.76507493839273,392.6727197942043,538.2493999999999,358.90764485581155,272.88710694856076,Layer 4
Ta1 Cre-OFF,CBLK1843_1G,CBLK1843_1G_s59_2,-198.13739999999996,-41.95904657326628,316.9485982825453,538.2493999999999,358.90764485581155,202.6088617708947,Layer 2/3
Ta1 Cre-OFF,CBLK1843_1G,CBLK1843_1G_s59_2,-80.71339999999992,457.2827733711247,816.1904182269362,538.2493999999999,358.90764485581155,464.38512870412563,Layer 5b
Ta1 Cre-OFF,CBLK1843_1G,CBLK1843_1G_s59_2,308.3256000000001,513.726474015341,872.6341188711525,538.2493999999999,358.90764485581155,599.2259387906993,Layer 5b
Ta1 Cre-OFF,CBLK1843_1G,CBLK1843_1G_s59_2,89.29360000000008,498.5075581660907,857.4152030219022,538.2493999999999,358.90764485581155,506.53261745881514,Layer 5b
Ta1 Cre-OFF,CBLK1843_1G,CBLK1843_1G_s59_2,256.7306000000001,-23.048632253096514,335.85901260271504,538.2493999999999,358.90764485581155,257.77432072473493,Layer 2/3
Ta1 Cre-OFF,CBLK1843_1G,CBLK1843_1G_s59_2,-10.536399999999958,66.38610653629934,425.2937513921109,538.2493999999999,358.90764485581155,67.8991227189931,Layer 4
Ta1 Cre-ON,CBLK1846_1A,CBLK1846_1A_s66,21.16513793103445,128.667277837813,379.4433222171908,602.1268620689655,250.77604437937782,130.7235041658169,Layer 2/3
Ta1 Cre-ON,CBLK1846_1A,CBLK1846_1A_s66,-295.42286206896546,135.14252668087187,385.9185710602497,602.1268620689655,250.77604437937782,324.93668445458076,Layer 2/3
Ta1 Cre-ON,CBLK1846_1A,CBLK1846_1A_s66,-65.71586206896541,276.24521053280023,527.021254912178,602.1268620689655,250.77604437937782,284.0346278597119,Layer 4
Ta1 Cre-ON,CBLK1846_1A,CBLK1846_1A_s66,-107.62486206896546,369.2231175304846,619.9991619098624,602.1268620689655,250.77604437937782,384.59905283607145,Layer 5a
Ta1 Cre-ON,CBLK1846_1A,CBLK1846_1A_s66,-427.86986206896546,374.51591025620803,625.2919546355859,602.1268620689655,250.77604437937782,568.6320390991533,Layer 5a
Ta1 Cre-ON,CBLK1846_1A,CBLK1846_1A_s66,358.90613793103455,348.7190823877379,599.4951267671157,602.1268620689655,250.77604437937782,500.46407785129134,Layer 4
Ta1 Cre-ON,CBLK1846_1A,CBLK1846_1A_s66,504.2021379310345,663.0069067980921,913.78295117747,602.1268620689655,250.77604437937782,832.949917068433,Layer 6
Ta1 Cre-ON,CBLK1853_1B,CBLK1853_1B_s62,385.69977777777785,220.97804315062143,553.8351808107922,578.5942222222222,332.85713766017074,444.70410116086765,Layer 4
Ta1 Cre-ON,CBLK1853_1B,CBLK1853_1B_s62,270.3527777777779,217.9399587462063,550.797096406377,578.5942222222222,332.85713766017074,347.3312798636098,Layer 4
Ta1 Cre-ON,CBLK1853_1B,CBLK1853_1B_s62,207.78577777777775,188.1285379892625,520.9856756494332,578.5942222222222,332.85713766017074,280.51868572844995,Layer 4
Ta1 Cre-ON,CBLK1853_1B,CBLK1853_1B_s62,139.88177777777776,70.27877587219035,403.1359135323611,578.5942222222222,332.85713766017074,156.93780577824012,Layer 2/3
Ta1 Cre-ON,CBLK1853_1B,CBLK1853_1B_s62,-169.49022222222226,314.1033973707429,646.9605350309137,578.5942222222222,332.85713766017074,356.9478686073767,Layer 4
Ta1 Cre-ON,CBLK1853_1B,CBLK1853_1B_s62,145.6147777777777,465.5542800998821,798.4114177600528,578.5942222222222,332.85713766017074,487.79631133296596,Layer 5b
Ta1 Cre-ON,CBLK1853_1B,CBLK1853_1B_s62,373.9377777777778,174.14573371186856,507.0028713720393,578.5942222222222,332.85713766017074,412.6495547187119,Layer 4
Ta1 Cre-ON,CBLK1853_1B,CBLK1853_1B_s62,95.00877777777771,727.8810014916712,1060.738139151842,578.5942222222222,332.85713766017074,734.1092783319282,Layer 6
Ta1 Cre-ON,CBLK1853_1B,CBLK1853_1B_s62,277.46877777777763,644.9527482512019,977.8098859113727,578.5942222222222,332.85713766017074,702.1231169480462,Layer 6
Ta1 Cre-ON,CBLK1853_1B,CBLK1853_1B_s62,401.41577777777775,572.2769049837038,905.1340426438746,578.5942222222222,332.85713766017074,699.0252304102637,Layer 5b
Ta1 Cre-ON,CBLK1853_1B,CBLK1853_1B_s62,532.479777777778,628.0021910524072,960.859328712578,578.5942222222222,332.85713766017074,823.3657417704734,Layer 5b
Ta1 Cre-ON,CBLK1853_1B,CBLK1853_1B_s62,240.69977777777785,714.7992588859945,1047.6563965461653,578.5942222222222,332.85713766017074,754.2440205520918,Layer 6
Ta1 Cre-ON,CBLK1853_1B,CBLK1853_1B_s62,337.7627777777777,217.01973792453526,549.876875584706,578.5942222222222,332.85713766017074,401.5368334315409,Layer 4
Ta1 Cre-ON,CBLK1853_1B,CBLK1853_1B_s62,-118.29122222222225,180.18141281956167,513.0385504797324,578.5942222222222,332.85713766017074,215.65881081401483,Layer 4
Ta1 Cre-ON,CBLK1853_1B,CBLK1853_1B_s62,8.818777777777655,477.2343682070255,810.0915058671962,578.5942222222222,332.85713766017074,477.36881018839847,Layer 5b
Ta1 Cre-ON,CBLK1855_1A,CBLK1855_1A_s66,159.00057142857145,64.28408502234078,383.7247552748212,535.7544285714285,319.4406702524804,171.7325661642649,Layer 2/3
Ta1 Cre-ON,CBLK1855_1A,CBLK1855_1A_s66,1.2495714285714712,82.81828366720708,402.2589539196875,535.7544285714285,319.4406702524804,83.57387632294677,Layer 2/3
Ta1 Cre-ON,CBLK1855_1A,CBLK1855_1A_s66,-55.68242857142849,224.95452038972752,544.3951906422079,535.7544285714285,319.4406702524804,232.0112763653756,Layer 4
Ta1 Cre-ON,CBLK1855_1A,CBLK1855_1A_s66,-201.17742857142855,-6.895332963536816,312.5453372889436,535.7544285714285,319.4406702524804,201.42225247338868,Layer 2/3
Ta1 Cre-ON,CBLK1855_1A,CBLK1855_1A_s66,-142.66342857142854,245.25227680161976,564.6929470541002,535.7544285714285,319.4406702524804,283.8178175102766,Layer 5a
Ta1 Cre-ON,CBLK1855_1A,CBLK1855_1A_s66,-45.00842857142857,640.9517021059012,960.3923723583816,535.7544285714285,319.4406702524804,642.6266461486229,Layer 6
Ta1 Cre-ON,CBLK1855_1A,CBLK1855_1A_s66,135.27857142857147,373.11541288585573,692.5560831383361,535.7544285714285,319.4406702524804,396.8945461602592,Layer 5b
Ta1 Cre-ON,CBLK1855_1A,CBLK1855_1A_s66,537.9575714285714,448.1345929452746,767.575263197755,535.7544285714285,319.4406702524804,700.1956744080306,Layer 5b
Ta1 Cre-ON,CBLK1855_1A,CBLK1855_1A_s66,-436.41942857142857,-24.048221954223095,295.3924482982573,535.7544285714285,319.4406702524804,437.22351020854074,Layer 2/3
Ta1 Cre-ON,CBLK1855_1A,CBLK1855_1A_s66,-31.368428571428524,58.2543234534437,377.6949937059241,535.7544285714285,319.4406702524804,66.23761818694616,Layer 2/3
Ta1 Cre-ON,CBLK1855_1A,CBLK1855_1A_s66_2,-8.028692307692381,33.34984852877869,403.5445038188663,534.0616923076924,370.1946552900876,34.797267304444766,Layer 2/3
Ta1 Cre-ON,CBLK1855_1A,CBLK1855_1A_s66_2,227.11430769230788,226.52492323198595,596.7195785220736,534.0616923076924,370.1946552900876,320.7769597209829,Layer 4
Ta1 Cre-ON,CBLK1855_1A,CBLK1855_1A_s66_2,218.21830769230758,199.54951485280316,569.7441701428908,534.0616923076924,370.1946552900876,295.8651473824618,Layer 4
Ta1 Cre-ON,CBLK1855_1A,CBLK1855_1A_s66_2,-140.37769230769237,214.4766970496235,584.6713523397111,534.0616923076924,370.1946552900876,256.3387570364123,Layer 5a
Ta1 Cre-ON,CBLK1855_1A,CBLK1855_1A_s66_2,-248.7076923076924,-189.77341471617225,180.42124057391536,534.0616923076924,370.1946552900876,312.99586561425417,Layer 2/3
Ta1 Cre-ON,CBLK1855_1A,CBLK1855_1A_s66_2,-337.2686923076924,19.823153552609256,390.01780884269687,534.0616923076924,370.1946552900876,338.1343582128893,Layer 4
Ta1 Cre-ON,CBLK1855_1D,CBLK1855_1D_s62,-130.1302799999999,277.87709420092114,637.3448079658885,481.2142799999999,359.4677137649674,306.90146114742754,Layer 4
Ta1 Cre-ON,CBLK1855_1D,CBLK1855_1D_s62,-55.11027999999993,287.2310993656243,646.6988131305917,481.2142799999999,359.4677137649674,292.6494575502636,Layer 4
Ta1 Cre-ON,CBLK1855_1D,CBLK1855_1D_s62,-8.852279999999894,436.1674300583723,795.6351438233397,481.2142799999999,359.4677137649674,436.3664142723676,Layer 5b
Ta1 Cre-ON,CBLK1855_1D,CBLK1855_1D_s62,-371.2042799999999,543.150441385171,902.6181551501384,481.2142799999999,359.4677137649674,657.9043981212046,Layer 5b
Ta1 Cre-ON,CBLK1855_1D,CBLK1855_1D_s62,-166.60327999999993,182.07206486205308,541.5397786270205,481.2142799999999,359.4677137649674,246.87208693955264,Layer 4
Ta1 Cre-ON,CBLK1855_1D,CBLK1855_1D_s62,-207.52327999999994,241.67302339596046,601.1407371609279,481.2142799999999,359.4677137649674,318.5983985824518,Layer 4
Ta1 Cre-ON,CBLK1855_1D,CBLK1855_1D_s62,175.58572000000004,511.58015180529134,871.0478655702588,481.2142799999999,359.4677137649674,540.9045889887082,Layer 6
Ta1 Cre-ON,CBLK1855_1D,CBLK1855_1D_s62,343.41772000000003,497.1278800219756,856.595593786943,481.2142799999999,359.4677137649674,604.2905899525015,Layer 6
Ta1 Cre-ON,CBLK1855_1D,CBLK1855_1D_s62,106.19871999999998,476.7457584825092,836.2134722474766,481.2142799999999,359.4677137649674,488.52834509442886,Layer 5b
Ta1 Cre-ON,CBLK1855_1D,CBLK1855_1D_s62,371.68572000000006,410.91505567112296,770.3827694360904,481.2142799999999,359.4677137649674,554.0816501465471,Layer 5b
Ta1 Cre-ON,CBLK1855_1D,CBLK1855_1D_s62,166.88772000000006,326.66680937963855,686.134523144606,481.2142799999999,359.4677137649674,366.83474894981185,Layer 5a
Ta1 Cre-ON,CBLK1855_1D,CBLK1855_1D_s62,262.56571999999994,381.44135134936397,740.9090651143314,481.2142799999999,359.4677137649674,463.0802084286774,Layer 5b
Ta1 Cre-ON,CBLK1855_1D,CBLK1855_1D_s62,112.32672000000014,560.502425567357,919.9701393323244,481.2142799999999,359.4677137649674,571.7386804238882,Layer 6
Ta1 Cre-ON,CBLK1855_1D,CBLK1855_1D_s62,161.3517200000001,102.24256656148532,461.71028032645273,481.2142799999999,359.4677137649674,191.2923876269994,Layer 4
Ta1 Cre-ON,CBLK1855_1D,CBLK1855_1D_s62,561.46072,-55.489081963588205,303.9786318013792,481.2142799999999,359.4677137649674,564.2004926620325,Layer 2/3
Ta1 Cre-ON,CBLK1855_1D,CBLK1855_1D_s62,243.5877200000001,62.148771913365294,421.6164856783327,481.2142799999999,359.4677137649674,251.39718531665775,Layer 4
Ta1 Cre-ON,CBLK1855_1D,CBLK1855_1D_s62,308.42772000000014,-7.083547197369512,352.3841665675979,481.2142799999999,359.4677137649674,308.57215153881896,Layer 2/3
Ta1 Cre-ON,CBLK1855_1D,CBLK1855_1D_s62,-60.05227999999994,266.9115779198732,626.3792916848406,481.2142799999999,359.4677137649674,273.64437571577264,Layer 4
Ta1 Cre-ON,CBLK1855_1D,CBLK1855_1D_s62,381.3727200000001,62.17245785617024,421.64017162113765,481.2142799999999,359.4677137649674,386.4576350340044,Layer 4
Ta1 Cre-ON,CBLK1855_1D,CBLK1855_1D_s62,-465.2022799999999,560.6581181757449,920.1258319407123,481.2142799999999,359.4677137649674,728.5983422940008,Layer 6
Ta1 Cre-ON,CBLK1855_1D,CBLK1855_1D_s62_2,-355.8074285714286,553.156243818059,905.8329171857781,436.4614285714286,352.67667336771905,657.713743619832,Layer 5b
Ta1 Cre-ON,CBLK1855_1D,CBLK1855_1D_s62_2,-18.659428571428577,465.21487396740116,817.8915473351202,436.4614285714286,352.67667336771905,465.59603250029437,Layer 5b
Ta1 Cre-ON,CBLK1855_1D,CBLK1855_1D_s62_2,153.91657142857156,480.75442858622426,833.4311019539433,436.4614285714286,352.67667336771905,504.8213554846394,Layer 5b
Ta1 Cre-ON,CBLK1855_1D,CBLK1855_1D_s62_2,386.9845714285714,503.0478848071721,855.7245581748912,436.4614285714286,352.67667336771905,634.6996945961768,Layer 6
Ta1 Cre-ON,CBLK1855_1D,CBLK1855_1D_s62_2,442.3355714285714,-78.23142540024861,274.44524796747044,436.4614285714286,352.67667336771905,449.2025762253841,Layer 2/3
Ta1 Cre-ON,CBLK1855_1D,CBLK1855_1D_s62_2,-426.0834285714286,130.87432087331405,483.5509942410331,436.4614285714286,352.67667336771905,445.73222542638916,Layer 4
Ta1 Cre-ON,CBLK1870_1A,CBLK1870_1A_s60,-454.0201428571429,145.9777383195581,467.1324459688152,749.3571428571429,321.1547076492571,476.92299725108103,Layer 4
Ta1 Cre-ON,CBLK1870_1A,CBLK1870_1A_s60,-393.6281428571429,154.92702577556315,476.08173342482024,749.3571428571429,321.1547076492571,423.0333949782997,Layer 4
Ta1 Cre-ON,CBLK1870_1A,CBLK1870_1A_s60,-670.4821428571429,-13.783289130775984,307.3714185184811,749.3571428571429,321.1547076492571,670.6240448121295,Layer 2/3
Ta1 Cre-ON,CBLK1870_1A,CBLK1870_1A_s60,-207.016142857143,174.18344231005995,495.33814995931704,749.3571428571429,321.1547076492571,270.58538936464157,Layer 4
Ta1 Cre-ON,CBLK1870_1A,CBLK1870_1A_s60,-218.8761428571429,-111.42262861387741,209.73207903537968,749.3571428571429,321.1547076492571,245.75442512191228,Layer 2/3
Ta1 Cre-ON,CBLK1870_1A,CBLK1870_1A_s60,76.90585714285714,242.980665335276,564.1353729845331,749.3571428571429,321.1547076492571,255.11708456030323,Layer 4
Ta1 Cre-ON,CBLK1870_1A,CBLK1870_1A_s60,74.48385714285712,67.70513166541565,388.85983931467274,749.3571428571429,321.1547076492571,101.30371204258398,Layer 2/3
Ta1 Cre-ON,CBLK1870_1A,CBLK1870_1A_s60,-96.70914285714287,319.50449296009464,640.6592006093517,749.3571428571429,321.1547076492571,333.85128020277847,Layer 5a
Ta1 Cre-ON,CBLK1870_1A,CBLK1870_1A_s60,-204.05014285714287,283.729931748552,604.8846393978091,749.3571428571429,321.1547076492571,349.56303958446154,Layer 4
Ta1 Cre-ON,CBLK1870_1A,CBLK1870_1A_s60,-330.1721428571429,285.4143965821274,606.5691042313845,749.3571428571429,321.1547076492571,436.51860336413216,Layer 4
Ta1 Cre-ON,CBLK1870_1A,CBLK1870_1A_s60,-279.5161428571429,327.7977778668023,648.9524855160594,749.3571428571429,321.1547076492571,430.9741269594669,Layer 5a
Ta1 Cre-ON,CBLK1870_1A,CBLK1870_1A_s62,-258.1733999999999,6.552343712667266,364.9544736946262,638.9093999999999,358.4021299819589,258.3011375810971,Layer 2/3
Ta1 Cre-ON,CBLK1870_1A,CBLK1870_1A_s62,634.6586000000003,-32.61845894380349,325.78367103815543,638.9093999999999,358.4021299819589,635.537050389534,Layer 2/3
Ta1 Cre-ON,CBLK1870_1A,CBLK1870_1A_s62,130.1736000000002,215.31713557182132,573.7192655537802,638.9093999999999,358.4021299819589,251.62844634065945,Layer 4
Ta1 Cre-ON,CBLK1870_1A,CBLK1870_1A_s62,190.66460000000006,228.7658579616421,587.167987943601,638.9093999999999,358.4021299819589,297.80437784237864,Layer 4
Ta1 Cre-ON,CBLK1870_1A,CBLK1870_1A_s62,226.64260000000013,283.84642774379887,642.2485577257578,638.9093999999999,358.4021299819589,363.2435858727249,Layer 4
Ta1 Cre-ON,CBLK1870_1A,CBLK1870_1A_s62,319.1576000000001,499.15236933617024,857.5544993181292,638.9093999999999,358.4021299819589,592.4843470098366,Layer 5b
Ta1 Cre-ON,CBLK1870_1A,CBLK1870_1A_s62,-5.238399999999842,535.9172612919135,894.3193912738725,638.9093999999999,358.4021299819589,535.96435682346,Layer 5b
Ta1 Cre-ON,CBLK1870_1A,CBLK1870_1A_s62,422.34860000000015,650.7113811354807,1009.1135111174397,638.9093999999999,358.4021299819589,775.8408866908246,Layer 6
Ta1 Cre-ON,CBLK1870_1A,CBLK1870_1A_s62,-168.32639999999992,261.8170902940447,620.2192202760036,638.9093999999999,358.4021299819589,311.27512863542427,Layer 4
Ta1 Cre-ON,CBLK1870_1A,CBLK1870_1A_s62,13.145600000000059,298.18117663359925,656.5833066155582,638.9093999999999,358.4021299819589,298.68086798112415,Layer 5a
Ta1 Cre-ON,CBLK1870_1A,CBLK1870_1A_s62,1.581600000000094,139.7276658074739,498.1297957894328,638.9093999999999,358.4021299819589,139.92198558684447,Layer 4
Ta1 Cre-ON,CBLK1870_1A,CBLK1870_1A_s62,149.7446000000001,-106.48851617109577,251.91361381086315,638.9093999999999,358.4021299819589,183.88879603032305,Layer 2/3
Ta1 Cre-ON,CBLK1870_1A,CBLK1870_1A_s62,-10.773399999999924,-5.045676702499009,353.3564532794599,638.9093999999999,358.4021299819589,12.319293849329988,Layer 2/3
Ta1 Cre-ON,CBLK1870_1A,CBLK1870_1A_s62,-279.6213999999999,128.97284249998688,487.3749724819458,638.9093999999999,358.4021299819589,307.94863441893415,Layer 4
Ta1 Cre-ON,CBLK1870_1A,CBLK1870_1A_s62,-311.8443999999999,183.08487503051145,541.4870050124704,638.9093999999999,358.4021299819589,361.6313610243143,Layer 4
Ta1 Cre-ON,CBLK1870_1A,CBLK1870_1A_s62,-454.17539999999985,68.80686187971065,427.2089918616696,638.9093999999999,358.4021299819589,459.4143208552531,Layer 2/3
Ta1 Cre-ON,CBLK1870_1A,CBLK1870_1A_s62,-415.82439999999986,-159.81108378926484,198.59104619269408,638.9093999999999,358.4021299819589,445.48821997585895,Layer 2/3
Ta1 Cre-ON,CBLK1870_1A,CBLK1870_1A_s62,-552.2253999999999,-159.7081412917452,198.69398869021373,638.9093999999999,358.4021299819589,574.9652361665215,Layer 2/3
Ta1 Cre-ON,CBLK1870_1A,CBLK1870_1A_s62,-139.8603999999999,-146.6886886209961,211.71344136096283,638.9093999999999,358.4021299819589,202.98754360183665,Layer 2/3
Ta1 Cre-ON,CBLK1870_1A,CBLK1870_1A_s62,224.66560000000015,151.11611950514413,509.51824948710305,638.9093999999999,358.4021299819589,271.18582816521416,Layer 4
Ta1 Cre-ON,CBLK1870_1A,CBLK1870_1A_s62,141.24360000000001,-52.05994935797071,306.3421806239882,638.9093999999999,358.4021299819589,151.7518792902232,Layer 2/3
Ta1 Cre-ON,CBLK1870_1B,CBLK1870_1B_s63,-50.26049999999998,77.37965275271279,514.9638580805275,500.9765,437.58420532781474,92.46474203922493,Layer 4
Ta1 Cre-ON,CBLK1870_1B,CBLK1870_1B_s63,-60.04649999999998,-5.607330749593075,431.97687457822167,500.9765,437.58420532781474,61.131205782197114,Layer 2/3
Ta1 Cre-ON,CBLK1870_1B,CBLK1870_1B_s63,149.89250000000004,40.39796661572353,477.9821719435383,500.9765,437.58420532781474,155.2538478200625,Layer 4
Ta1 Cre-ON,CBLK1870_1B,CBLK1870_1B_s63,70.42449999999997,37.474866353861444,475.0590716816762,500.9765,437.58420532781474,79.79959779654138,Layer 4
Ta1 Cre-ON,CBLK1870_1B,CBLK1870_1B_s63,86.6345,267.01025148325743,704.5944568110722,500.9765,437.58420532781474,280.72052113695287,Layer 5a
Ta1 Cre-ON,CBLK1870_1B,CBLK1870_1B_s63,-379.1055,116.71285162787149,554.2970569556862,500.9765,437.58420532781474,396.6697239081394,Layer 4
Ta1 Cre-ON,CBLK1870_1B,CBLK1870_1B_s63,-214.53449999999992,-153.3984113524723,284.18579397534245,500.9765,437.58420532781474,263.8031923531485,Layer 2/3
Ta1 Cre-ON,CBLK1870_1B,CBLK1870_1B_s63,146.13650000000007,298.7680512706653,736.35225659848,500.9765,437.58420532781474,332.74348241899634,Layer 5a
Ta1 Cre-ON,CBLK1870_1B,CBLK1870_1B_s66_2,-352.01557142857155,71.4869638079548,463.6733013106459,665.1445714285716,392.1863375026911,359.22325721292543,Layer 4
Ta1 Cre-ON,CBLK1870_1B,CBLK1870_1B_s66_2,-304.86857142857156,57.33415534752368,449.5204928502148,665.1445714285716,392.1863375026911,310.31605052641413,Layer 2/3
Ta1 Cre-ON,CBLK1870_1B,CBLK1870_1B_s66_2,-374.45257142857156,139.2053684596832,531.3917059623743,665.1445714285716,392.1863375026911,399.49075440799083,Layer 4
Ta1 Cre-ON,CBLK1870_1B,CBLK1870_1B_s66_2,-628.2765714285715,74.98490090644401,467.1712384091351,665.1445714285716,392.1863375026911,632.7354783556792,Layer 4
Ta1 Cre-ON,CBLK1870_1B,CBLK1870_1B_s66_2,-647.2545714285716,171.28371116722258,563.4700486699137,665.1445714285716,392.1863375026911,669.5465554734789,Layer 4
Ta1 Cre-ON,CBLK1870_1B,CBLK1870_1B_s66_2,-94.92957142857153,221.06274023570222,613.2490777383933,665.1445714285716,392.1863375026911,240.61662172869484,Layer 4
Ta1 Cre-ON,CBLK1870_1B,CBLK1870_1B_s66_2,-198.1195714285716,169.37615303070868,561.5624905333998,665.1445714285716,392.1863375026911,260.6830370364035,Layer 4
Ta1 Cre-ON,CBLK1870_1B,CBLK1870_1B_s66_2,-173.21157142857152,162.06926478373236,554.2556022864235,665.1445714285716,392.1863375026911,237.2439568551635,Layer 4
Ta1 Cre-ON,CBLK1870_1B,CBLK1870_1B_s66_2,-187.44557142857155,70.4575143964085,462.6438518990996,665.1445714285716,392.1863375026911,200.40983903766758,Layer 4
Ta1 Cre-ON,CBLK1870_1B,CBLK1870_1B_s66_2,461.34842857142814,277.0630967310584,669.2494342337495,665.1445714285716,392.1863375026911,538.1657106463863,Layer 5a
Ta1 Cre-ON,CBLK1870_1B,CBLK1870_1B_s66_2,265.84042857142845,72.35521318338976,464.5415506860809,665.1445714285716,392.1863375026911,275.5402154638312,Layer 2/3
Ta1 Cre-ON,CBLK1870_1B,CBLK1870_1B_s66_2,50.76242857142847,-124.49716202780746,267.68917547488365,665.1445714285716,392.1863375026911,134.50787154455875,Layer 2/3
Ta1 Cre-ON,CBLK1870_1B,CBLK1870_1B_s66_2,19.923428571428417,29.08906210755117,421.2753996102423,665.1445714285716,392.1863375026911,35.257857852367884,Layer 2/3
Ta1 Cre-ON,CBLK1870_1B,CBLK1870_1B_s66_2,31.784428571428407,208.25818624049077,600.4445237431819,665.1445714285716,392.1863375026911,210.6696989027876,Layer 4
Ta1 Cre-ON,CBLK1870_1B,CBLK1870_1B_s66_2,371.7984285714284,279.2165455042176,671.4028830069087,665.1445714285716,392.1863375026911,464.968763221243,Layer 5a
Ta1 Cre-ON,CBLK1870_1B,CBLK1870_1B_s66_2,364.68142857142846,597.7456896128497,989.9320271155408,665.1445714285716,392.1863375026911,700.2545635664499,Layer 6
Ta1 Cre-ON,CBLK1870_1C,CBLK1870_1C_s59,-201.85958620689655,335.4953484560062,678.975029364066,547.6055862068965,343.47968090805983,391.8152567954884,Layer 5a
Ta1 Cre-ON,CBLK1870_1C,CBLK1870_1C_s59,39.21441379310363,-44.556961443513956,298.9227194645459,547.6055862068965,343.47968090805983,62.52534577938357,Layer 2/3
Ta1 Cre-ON,CBLK1870_1C,CBLK1870_1C_s59,420.34641379310347,402.5057590634778,745.9854399715376,547.6055862068965,343.47968090805983,582.0056364417063,Layer 5b
Ta1 Cre-ON,CBLK1870_1C,CBLK1870_1C_s59,-110.23358620689646,444.18470123464107,787.6643821427009,547.6055862068965,343.47968090805983,457.6588371756901,Layer 5b
Ta1 Cre-ON,CBLK1870_1C,CBLK1870_1C_s59,191.03441379310334,259.04567308454676,602.5253539926066,547.6055862068965,343.47968090805983,321.86787180948136,Layer 4
Ta1 Cre-ON,CBLK1870_1C,CBLK1870_1C_s59,-450.24658620689655,402.7753108361432,746.254991744203,547.6055862068965,343.47968090805983,604.1345103468617,Layer 5a
Ta1 Cre-ON,CBLK1870_1C,CBLK1870_1C_s59,59.77341379310349,690.7013960562724,1034.1810769643323,547.6055862068965,343.47968090805983,693.3601480964662,Layer 6
Ta1 Cre-ON,CBLK1870_1C,CBLK1870_1C_s59,462.2544137931035,560.3735316260302,903.8532125340901,547.6055862068965,343.47968090805983,726.5016541454146,Layer 5b
Ta1 Cre-ON,CBLK1870_1C,CBLK1870_1C_s59,307.2714137931034,422.5662596502935,766.0459405583533,547.6055862068965,343.47968090805983,522.5002705369425,Layer 5b
Ta1 Cre-ON,CBLK1870_1C,CBLK1870_1C_s59,21.027413793103506,592.9017247493418,936.3814056574017,547.6055862068965,343.47968090805983,593.2985542907525,Layer 5b
Ta1 Cre-ON,CBLK1870_1C,CBLK1870_1C_s59,364.2044137931033,594.2994768176613,937.7791577257212,547.6055862068965,343.47968090805983,697.1887742252986,Layer 5b
Ta1 Cre-ON,CBLK1870_1C,CBLK1870_1C_s59,-141.86258620689654,540.8074325557473,884.2871134638071,547.6055862068965,343.47968090805983,559.4743823289506,Layer 5b
Ta1 Cre-ON,CBLK1870_1C,CBLK1870_1C_s59,221.08241379310346,692.0339335222861,1035.513614430346,547.6055862068965,343.47968090805983,726.7752822189439,Layer 6
Ta1 Cre-ON,CBLK1870_1C,CBLK1870_1C_s59,-179.81758620689652,695.2373679791292,1038.717048887189,547.6055862068965,343.47968090805983,718.5622606491356,Layer 6
Ta1 Cre-ON,CBLK1870_1C,CBLK1870_1C_s59,72.42541379310353,651.7538556058553,995.2335365139152,547.6055862068965,343.47968090805983,656.0600998862957,Layer 6
Ta1 Cre-ON,CBLK1870_1C,CBLK1870_1C_s59,193.40641379310352,482.4420996636838,825.9217805717436,547.6055862068965,343.47968090805983,520.3501685893518,Layer 5b
Ta1 Cre-ON,CBLK1870_1C,CBLK1870_1C_s59,274.0614137931035,569.6734260509011,913.153106958961,547.6055862068965,343.47968090805983,632.2534984771809,Layer 5b
Ta1 Cre-ON,CBLK1870_1C,CBLK1870_1C_s59,-248.61058620689653,624.2261373808947,967.7058182889546,547.6055862068965,343.47968090805983,671.9914505567735,Layer 6
Ta1 Cre-ON,CBLK1870_1C,CBLK1870_1C_s59,571.7704137931034,316.5151503362238,659.9948312442837,547.6055862068965,343.47968090805983,653.531457075758,Layer 5a
Ta1 Cre-ON,CBLK1870_1C,CBLK1870_1C_s59,499.81441379310354,275.670898831815,619.1505797398748,547.6055862068965,343.47968090805983,570.7968216486045,Layer 4
Ta1 Cre-ON,CBLK1870_1C,CBLK1870_1C_s59,330.5984137931033,418.61546877570237,762.0951496837622,547.6055862068965,343.47968090805983,533.4176045153376,Layer 5b
Ta1 Cre-ON,CBLK1870_1C,CBLK1870_1C_s59,457.90541379310343,101.30250875170765,444.7821896597675,547.6055862068965,343.47968090805983,468.9772757463706,Layer 4
Ta1 Cre-ON,CBLK1870_1C,CBLK1870_1C_s59,494.27941379310346,170.2131697906363,513.6928506986961,547.6055862068965,343.47968090805983,523.3474367918351,Layer 4
Ta1 Cre-ON,CBLK1870_1C,CBLK1870_1C_s59,548.8394137931034,133.22777976975527,476.7074606778151,547.6055862068965,343.47968090805983,565.3160363565584,Layer 4
Ta1 Cre-ON,CBLK1870_1C,CBLK1870_1C_s59,136.27641379310342,229.13339083673537,572.6130717447952,547.6055862068965,343.47968090805983,266.9984004280312,Layer 4
Ta1 Cre-ON,CBLK1870_1C,CBLK1870_1C_s59,164.34741379310356,204.38686803691206,547.8665489449719,547.6055862068965,343.47968090805983,262.6762995112001,Layer 4
Ta1 Cre-ON,CBLK1870_1C,CBLK1870_1C_s59,563.4684137931038,151.3987332268935,494.87841413495335,547.6055862068965,343.47968090805983,583.4781889215318,Layer 4
Ta1 Cre-ON,CBLK1870_1C,CBLK1870_1C_s59,559.9094137931036,88.33753011887217,431.817211026932,547.6055862068965,343.47968090805983,566.860333824449,Layer 4
Ta1 Cre-ON,CBLK1870_1C,CBLK1870_1C_s59,717.0674137931035,-36.12212451821824,307.3575563898416,547.6055862068965,343.47968090805983,718.0511815054884,Layer 2/3
Ta1 Cre-ON,CBLK1870_1C,CBLK1870_1C_s59,498.52941379310346,472.8769091400597,816.3565900481195,547.6055862068965,343.47968090805983,687.2987788061332,Layer 5b
Ta1 Cre-ON,CBLK1870_1C,CBLK1870_1C_s59,406.3104137931035,237.9408894634077,581.4205703714675,547.6055862068965,343.47968090805983,470.88489720661767,Layer 4
Ta1 Cre-ON,CBLK1870_1C,CBLK1870_1C_s59,-385.1105862068965,495.788661508599,839.2683424166588,547.6055862068965,343.47968090805983,628.2984328919516,Layer 5b
Ta1 Cre-ON,CBLK1870_1C,CBLK1870_1C_s59,-277.7695862068965,589.9657682310053,933.4454491390652,547.6055862068965,343.47968090805983,652.2660610821333,Layer 5b
Ta1 Cre-ON,CBLK1870_1C,CBLK1870_1C_s59,-353.97558620689654,554.6283774034187,898.1080583114785,547.6055862068965,343.47968090805983,657.9817017467822,Layer 5b
Ta1 Cre-ON,CBLK1870_1C,CBLK1870_1C_s59,431.8114137931035,-41.870872287405405,301.60880862065443,547.6055862068965,343.47968090805983,434.5367010447575,Layer 2/3
Ta1 Cre-ON,CBLK1870_1C,CBLK1870_1C_s59,-474.36458620689655,318.9240405092908,662.4037214173507,547.6055862068965,343.47968090805983,571.7003758261842,Layer 5a
Ta1 Cre-ON,CBLK1870_1C,CBLK1870_1C_s62,-654.70426,-45.34812199890979,298.22373932566245,883.02726,343.57186132457224,656.4375143385512,Layer 2/3
Ta1 Cre-ON,CBLK1870_1C,CBLK1870_1C_s62,-215.35525999999993,187.80578862524845,531.3776499498207,883.02726,343.57186132457224,286.12059039995546,Layer 4
Ta1 Cre-ON,CBLK1870_1C,CBLK1870_1C_s62,-249.3562599999999,221.13794597636962,564.7098073009419,883.02726,343.57186132457224,333.42859138327555,Layer 4
Ta1 Cre-ON,CBLK1870_1C,CBLK1870_1C_s62,-420.15425999999997,242.46313361961774,586.03499494419,883.02726,343.57186132457224,485.1186075186069,Layer 4
Ta1 Cre-ON,CBLK1870_1C,CBLK1870_1C_s62,-242.24026000000003,307.80077735397873,651.372638678551,883.02726,343.57186132457224,391.71897082549015,Layer 5a
Ta1 Cre-ON,CBLK1870_1C,CBLK1870_1C_s62,-455.73725999999994,211.26988068114605,554.8417420057183,883.02726,343.57186132457224,502.3479895802642,Layer 4
Ta1 Cre-ON,CBLK1870_1C,CBLK1870_1C_s62,-571.18326,-36.31666279037529,307.25519853419695,883.02726,343.57186132457224,572.3611678830575,Layer 2/3
Ta1 Cre-ON,CBLK1870_1C,CBLK1870_1C_s62,-838.45026,83.8917685037153,427.46362982828754,883.02726,343.57186132457224,842.6534028393575,Layer 4
Ta1 Cre-ON,CBLK1870_1C,CBLK1870_1C_s62,-118.09525999999994,385.1783447328698,728.750206057442,883.02726,343.57186132457224,402.91058274215266,Layer 5a
Ta1 Cre-ON,CBLK1870_1C,CBLK1870_1C_s62,-292.05625999999984,464.58449692192863,808.1563582465009,883.02726,343.57186132457224,548.8549023060549,Layer 5b
Ta1 Cre-ON,CBLK1870_1C,CBLK1870_1C_s62,-221.68125999999995,443.5636985340927,787.1355598586649,883.02726,343.57186132457224,495.98127554619543,Layer 5b
Ta1 Cre-ON,CBLK1870_1C,CBLK1870_1C_s62,-32.69625999999994,415.86324011760536,759.4351014421776,883.02726,343.57186132457224,417.42708333204814,Layer 5b
Ta1 Cre-ON,CBLK1870_1C,CBLK1870_1C_s62,-291.26526,-5.919351959307107,337.65250936526513,883.02726,343.57186132457224,291.5074277106602,Layer 2/3
Ta1 Cre-ON,CBLK1870_1C,CBLK1870_1C_s62,132.96074000000021,394.57052127485946,738.1423825994317,883.02726,343.57186132457224,416.39709970226977,Layer 5a
Ta1 Cre-ON,CBLK1870_1C,CBLK1870_1C_s62,-161.19025999999997,157.45001251559552,501.02187384016776,883.02726,343.57186132457224,225.536906868984,Layer 4
Ta1 Cre-ON,CBLK1870_1C,CBLK1870_1C_s62,276.8737400000001,513.9975272017662,857.5693885263383,883.02726,343.57186132457224,583.8446847159937,Layer 5b
Ta1 Cre-ON,CBLK1870_1C,CBLK1870_1C_s62,521.01174,156.21615841509526,499.7880197396675,883.02726,343.57186132457224,544.1257312127389,Layer 4
Ta1 Cre-ON,CBLK1870_1C,CBLK1870_1C_s62,-29.336259999999925,241.6611985522548,585.233059876827,883.02726,343.57186132457224,243.43549666492746,Layer 4
Ta1 Cre-ON,CBLK1870_1C,CBLK1870_1C_s62,461.1137400000001,139.78865726261438,483.3605185871866,883.02726,343.57186132457224,481.86599788330403,Layer 4
Ta1 Cre-ON,CBLK1870_1C,CBLK1870_1C_s62,379.27373999999975,183.6455916844589,527.2174530090311,883.02726,343.57186132457224,421.42895391598614,Layer 4
Ta1 Cre-ON,CBLK1870_1C,CBLK1870_1C_s62,7.729739999999879,750.6900559618059,1094.261917286378,883.02726,343.57186132457224,750.7445630841471,Layer 6
Ta1 Cre-ON,CBLK1870_1C,CBLK1870_1C_s62,333.41074000000015,129.53607191574076,473.107933240313,883.02726,343.57186132457224,358.0173256627501,Layer 4
Ta1 Cre-ON,CBLK1870_1C,CBLK1870_1C_s62,226.46474000000023,172.8311109860869,516.4029723106592,883.02726,343.57186132457224,285.2910117545816,Layer 4
Ta1 Cre-ON,CBLK1870_1C,CBLK1870_1C_s62,110.42574000000002,152.38231124061366,495.9541725651859,883.02726,343.57186132457224,188.80758150450117,Layer 4
Ta1 Cre-ON,CBLK1870_1C,CBLK1870_1C_s62,155.39774,16.05061842819981,359.62247975277205,883.02726,343.57186132457224,156.97187629965845,Layer 2/3
Ta1 Cre-ON,CBLK1870_1C,CBLK1870_1C_s62,165.4797400000001,526.0567497431384,869.6286110677106,883.02726,343.57186132457224,551.4701608435244,Layer 5b
Ta1 Cre-ON,CBLK1870_1C,CBLK1870_1C_s62,-33.2902600000001,549.178386426167,892.7502477507392,883.02726,343.57186132457224,550.2119878088045,Layer 6
Ta1 Cre-ON,CBLK1870_1C,CBLK1870_1C_s62,268.57074,699.936733022399,1043.5085943469712,883.02726,343.57186132457224,749.8384910220445,Layer 6
Ta1 Cre-ON,CBLK1870_1C,CBLK1870_1C_s62,-442.98625999999996,158.26553170715357,501.8373930317258,883.02726,343.57186132457224,470.4092846398077,Layer 4
Ta1 Cre-ON,CBLK1870_1C,CBLK1870_1C_s64,172.54614285714285,144.79674755842234,469.66922579889894,482.1778571428572,324.8724782404766,225.53530731832925,Layer 4
Ta1 Cre-ON,CBLK1870_1C,CBLK1870_1C_s64,90.80414285714289,210.49904704664192,535.3715252871185,482.1778571428572,324.8724782404766,229.52809522226897,Layer 4
Ta1 Cre-ON,CBLK1870_1C,CBLK1870_1C_s64,-127.4368571428572,137.50923724255938,462.381715483036,482.1778571428572,324.8724782404766,187.48508670848244,Layer 4
Ta1 Cre-ON,CBLK1870_1C,CBLK1870_1C_s64,-455.58985714285717,224.94688662485538,549.819364865332,482.1778571428572,324.8724782404766,508.0993353531101,Layer 4
Ta1 Cre-ON,CBLK1870_1C,CBLK1870_1C_s64,-402.6108571428572,195.67095125840973,520.5434294988863,482.1778571428572,324.8724782404766,447.6563895111848,Layer 4
Ta1 Cre-ON,CBLK1870_1C,CBLK1870_1C_s64,-401.0288571428572,258.56700676246516,583.4394850029418,482.1778571428572,324.8724782404766,477.16114269711295,Layer 4
Ta1 Cre-ON,CBLK1870_1C,CBLK1870_1C_s64,272.67214285714283,245.57130774243984,570.4437859829164,482.1778571428572,324.8724782404766,366.95650904330057,Layer 4
Ta1 Cre-ON,CBLK1870_1C,CBLK1870_1C_s64,289.27714285714285,172.34181410420092,497.2142923446775,482.1778571428572,324.8724782404766,336.7829811006217,Layer 4
Ta1 Cre-ON,CBLK1870_1C,CBLK1870_1C_s64,-289.5368571428572,127.88682858296795,452.75930682344455,482.1778571428572,324.8724782404766,316.5856008410295,Layer 4
Ta1 Cre-ON,CBLK1870_1C,CBLK1870_1C_s64,233.13614285714277,479.10206321752145,803.974541457998,482.1778571428572,324.8724782404766,532.8853276850557,Layer 5b
Ta1 Cre-ON,CBLK1870_1C,CBLK1870_1C_s64,-14.362857142857251,456.54786951423335,781.42034775471,482.1778571428572,324.8724782404766,456.8564032600493,Layer 5b
Ta1 Cre-ON,CBLK1870_1C,CBLK1870_1C_s64,-309.3048571428572,150.69671237149413,475.5691906119707,482.1778571428572,324.8724782404766,344.17222163933764,Layer 4
Ta1 Cre-ON,CBLK1870_1C,CBLK1870_1C_s64,-126.64585714285721,498.59618253889226,823.4686607793689,482.1778571428572,324.8724782404766,514.5534293954356,Layer 5b
Ta1 Cre-ON,CBLK1870_1C,CBLK1870_1C_s64,-53.898857142857196,515.4760965299643,840.3485747704408,482.1778571428572,324.8724782404766,518.4096818384793,Layer 5b
Ta1 Cre-ON,CBLK1870_1C,CBLK1870_1C_s64,78.94314285714267,419.75982454439367,744.6323027848703,482.1778571428572,324.8724782404766,427.1345803376447,Layer 5a
Ta1 Cre-ON,CBLK1870_1C,CBLK1870_1C_s64,326.4421428571428,53.99250276603681,378.8649810065134,482.1778571428572,324.8724782404766,330.8976920478839,Layer 2/3
Ta1 Cre-ON,CBLK1870_1C,CBLK1870_1C_s64,730.3071428571427,-38.84713008248116,286.02534815799544,482.1778571428572,324.8724782404766,731.4270488248342,Layer 2/3
Ta1 Cre-ON,CBLK1870_1C,CBLK1870_1C_s64,599.0461428571427,197.05466244832695,521.9271406888035,482.1778571428572,324.8724782404766,630.6557153910105,Layer 4
Ta1 Cre-ON,CBLK1870_1C,CBLK1870_1C_s64,910.5931428571428,286.36795347382684,611.2404317143034,482.1778571428572,324.8724782404766,954.5617797962814,Layer 4
Ta1 Cre-ON,CBLK1870_1C,CBLK1870_1C_s64,530.6471428571429,678.4598313663428,1003.3323096068193,482.1778571428572,324.8724782404766,861.407010842664,Layer 6
Ta1 Cre-ON,CBLK1870_1C,CBLK1870_1C_s64,676.9321428571427,298.99827169957854,623.8707499400551,482.1778571428572,324.8724782404766,740.0760885807049,Layer 4
Ta1 Cre-ON,CBLK1870_1C,CBLK1870_1C_s64,1.4521428571428032,657.9433652968064,982.815843537283,482.1778571428572,324.8724782404766,658.042161252425,Layer 6
Ta1 Cre-ON,CBLK1870_1C,CBLK1870_1C_s64,-454.4038571428572,588.0442776030354,912.916755843512,482.1778571428572,324.8724782404766,743.1638832871888,Layer 6
Ta1 Cre-ON,CBLK1870_1C,CBLK1870_1C_s64,210.9951428571428,301.45483206057366,626.3273103010503,482.1778571428572,324.8724782404766,367.97769728135324,Layer 5a
Ta1 Cre-ON,CBLK1870_1C,CBLK1870_1C_s64,21.022142857142796,158.76912328699768,483.6416015274743,482.1778571428572,324.8724782404766,160.19733023412238,Layer 4
Ta1 Cre-ON,CBLK1870_1C,CBLK1870_1C_s64,-59.038857142857125,678.1486985573317,1003.0211767978083,482.1778571428572,324.8724782404766,680.8514325064313,Layer 6
Ta1 Cre-ON,CBLK1870_1C,CBLK1870_1C_s64,-242.2898571428572,161.20392915469768,486.0764073951743,482.1778571428572,324.8724782404766,291.0857120161034,Layer 4
Ta1 Cre-ON,CBLK1870_1C,CBLK1870_1C_s64_2,-504.17559090909094,22.575412521942553,370.8586788654281,519.5945909090909,348.28326634348554,504.6808173211653,Layer 2/3
Ta1 Cre-ON,CBLK1870_1C,CBLK1870_1C_s64_2,171.20640909090912,160.02273342139404,508.3059997648796,519.5945909090909,348.28326634348554,234.39643480880446,Layer 4
Ta1 Cre-ON,CBLK1870_1C,CBLK1870_1C_s64_2,125.34440909090904,134.92065373415068,483.2039200776362,519.5945909090909,348.28326634348554,184.2215585104512,Layer 4
Ta1 Cre-ON,CBLK1870_1C,CBLK1870_1C_s64_2,54.1784090909091,183.5732885088832,531.8565548523687,519.5945909090909,348.28326634348554,191.47265247484523,Layer 4
Ta1 Cre-ON,CBLK1870_1C,CBLK1870_1C_s64_2,-270.8115909090909,605.6991313731021,953.9823977165877,519.5945909090909,348.28326634348554,663.5040918464697,Layer 6
Ta1 Cre-ON,CBLK1870_1C,CBLK1870_1C_s64_2,517.3484090909091,-201.03173597899297,147.25153036449257,519.5945909090909,348.28326634348554,555.0589695156609,Layer 2/3
Ta1 Cre-ON,CBLK1870_1C,CBLK1870_1C_s64_2,283.6874090909092,200.25028923095277,548.5335555744383,519.5945909090909,348.28326634348554,347.28381591136434,Layer 4
Ta1 Cre-ON,CBLK1870_1C,CBLK1870_1C_s64_2,510.2314090909091,114.92883442535941,463.21210076884495,519.5945909090909,348.28326634348554,523.0368120227162,Layer 4
Ta1 Cre-ON,CBLK1870_1C,CBLK1870_1C_s64_2,426.61240909090907,436.9773885596657,785.2606549031512,519.5945909090909,348.28326634348554,610.6942257428564,Layer 5b
Ta1 Cre-ON,CBLK1870_1C,CBLK1870_1C_s64_2,-79.85059090909084,602.1166597951753,950.3999261386609,519.5945909090909,348.28326634348554,607.388377007926,Layer 6
Ta1 Cre-ON,CBLK1870_1C,CBLK1870_1C_s64_2,229.72040909090913,272.7034054792687,620.9866718227543,519.5945909090909,348.28326634348554,356.6033343829673,Layer 4
Ta1 Cre-ON,CBLK1870_1C,CBLK1870_1C_s64_2,301.7754090909091,262.49355631198426,610.7768226554698,519.5945909090909,348.28326634348554,399.99255438435125,Layer 4
Ta1 Cre-ON,CBLK1870_1C,CBLK1870_1C_s64_2,844.7104090909091,126.78388667578093,475.06715301926647,519.5945909090909,348.28326634348554,854.1880083022202,Layer 4
Ta1 Cre-ON,CBLK1870_1C,CBLK1870_1C_s64_2,312.3514090909091,-34.73111192870641,313.5521544147791,519.5945909090909,348.28326634348554,314.3126338894137,Layer 2/3
Ta1 Cre-ON,CBLK1870_1C,CBLK1870_1C_s64_2,-191.63959090909094,94.78612776193359,443.0693941054191,519.5945909090909,348.28326634348554,213.8631973951353,Layer 4
Ta1 Cre-ON,CBLK1870_1D,CBLK1870_1D_s60,-403.8331428571428,-206.43321626726078,88.27421916063724,744.2421428571428,294.707435427898,453.54283649741296,
Ta1 Cre-ON,CBLK1870_1D,CBLK1870_1D_s60,-221.8661428571428,393.8163100692755,688.5237454971735,744.2421428571428,294.707435427898,452.1301442519103,Layer 4
Ta1 Cre-ON,CBLK1870_1D,CBLK1870_1D_s60,-319.9171428571428,332.49330071500043,627.2007361428984,744.2421428571428,294.707435427898,461.44493319946395,Layer 4
Ta1 Cre-ON,CBLK1870_1D,CBLK1870_1D_s60,-356.29014285714277,375.8730384964247,670.5804739243227,744.2421428571428,294.707435427898,517.934223649029,Layer 4
Ta1 Cre-ON,CBLK1870_1D,CBLK1870_1D_s60,-592.7181428571428,829.173603785491,1123.881039213389,744.2421428571428,294.707435427898,1019.2528219965168,Layer 6
Ta1 Cre-ON,CBLK1870_1D,CBLK1870_1D_s60,-563.0661428571427,785.248224502179,1079.955659930077,744.2421428571428,294.707435427898,966.2768280244898,Layer 6
Ta1 Cre-ON,CBLK1870_1D,CBLK1870_1D_s60,-156.2361428571429,842.7954641592491,1137.502899587147,744.2421428571428,294.707435427898,857.2162636468403,Layer 6
Ta1 Cre-ON,CBLK1870_1D,CBLK1870_1D_s60,47.77185714285713,793.9105891222596,1088.6180245501575,744.2421428571428,294.707435427898,795.3498590841183,Layer 6
Ta1 Cre-ON,CBLK1870_1D,CBLK1870_1D_s60,-13.905142857142778,732.171977444325,1026.879412872223,744.2421428571428,294.707435427898,732.307573388673,Layer 6
Ta1 Cre-ON,CBLK1870_1D,CBLK1870_1D_s60,-60.16214285714284,681.6874990579031,976.3949344858011,744.2421428571428,294.707435427898,684.3392934652313,Layer 5b
Ta1 Cre-ON,CBLK1870_1D,CBLK1870_1D_s60,615.3178571428572,638.1696246784709,932.8770601063688,744.2421428571428,294.707435427898,886.4984342663264,Layer 5b
Ta1 Cre-ON,CBLK1870_1D,CBLK1870_1D_s60,344.29585714285724,541.6335930891833,836.3410285170812,744.2421428571428,294.707435427898,641.8017802904133,Layer 5b
Ta1 Cre-ON,CBLK1870_1D,CBLK1870_1D_s60,474.76585714285727,182.58269321473364,477.29012864263166,744.2421428571428,294.707435427898,508.6960900492179,Layer 4
Ta1 Cre-ON,CBLK1870_1D,CBLK1870_1D_s60,154.22385714285736,400.35000667153366,695.0574420994317,744.2421428571428,294.707435427898,429.151397378926,Layer 4
Ta1 Cre-ON,CBLK1870_1D,CBLK1870_1D_s60,233.09885714285736,633.304015467116,928.0114508950139,744.2421428571428,294.707435427898,674.9184018282851,Layer 5b
Ta1 Cre-ON,CBLK1870_1D,CBLK1870_1D_s60,643.7848571428573,511.95739620837634,806.6648316362744,744.2421428571428,294.707435427898,822.5562765081737,Layer 5a
Ta1 Cre-ON,CBLK1870_1D,CBLK1870_1D_s60,-174.02714285714274,836.00808463976,1130.715520067658,744.2421428571428,294.707435427898,853.9910772089061,Layer 6
Ta1 Cre-ON,CBLK1870_1D,CBLK1870_1D_s60_2,176.74054166666667,593.6948147388722,955.1472646478009,628.6174583333333,361.45244990892866,619.4797789765981,Layer 5b
Ta1 Cre-ON,CBLK1870_1D,CBLK1870_1D_s60_2,-478.67545833333327,756.9683056582314,1118.42075556716,628.6174583333333,361.45244990892866,895.6336609497015,Layer 6
Ta1 Cre-ON,CBLK1870_1D,CBLK1870_1D_s60_2,-245.41045833333328,216.98162147613095,578.4340713850596,628.6174583333333,361.45244990892866,327.58880968204454,Layer 4
Ta1 Cre-ON,CBLK1870_1D,CBLK1870_1D_s60_2,250.87154166666664,285.5034707754653,646.955920684394,628.6174583333333,361.45244990892866,380.0664942096643,Layer 4
Ta1 Cre-ON,CBLK1870_1D,CBLK1870_1D_s62,56.24706249999997,840.2482887407375,1202.033416054852,545.6959375,361.78512731411456,842.1360749734076,Layer 5b
Ta1 Cre-ON,CBLK1870_1D,CBLK1870_1D_s62,-20.750937499999964,779.6064258096919,1141.3915531238065,545.6959375,361.78512731411456,779.8903965115172,Layer 5b
Ta1 Cre-ON,CBLK1870_1D,CBLK1870_1D_s62,87.18406249999998,882.6723504733379,1244.4574777874525,545.6959375,361.78512731411456,887.0083365133222,Layer 6
Ta1 Cre-ON,CBLK1870_1D,CBLK1870_1D_s62,275.37806249999994,827.8833653820082,1189.6684926961227,545.6959375,361.78512731411456,872.522890234115,Layer 5b
Ta1 Cre-ON,CBLK1870_1D,CBLK1870_1D_s62,30.252062499999965,718.0225196246038,1079.8076469387183,545.6959375,361.78512731411456,718.7097995530382,Layer 5b
Ta1 Cre-ON,CBLK1870_1D,CBLK1870_1D_s62,-56.72893750000003,591.9900812932426,953.7752086073572,545.6959375,361.78512731411456,594.7021764710963,Layer 5a
Ta1 Cre-ON,CBLK1870_1D,CBLK1870_1D_s62,-130.8599375,480.5829853270393,842.3681126411539,545.6959375,361.78512731411456,498.10097272375725,Layer 5a
Ta1 Cre-ON,CBLK1870_1D,CBLK1870_1D_s62,-62.856937500000015,380.8785533388425,742.663680652957,545.6959375,361.78512731411456,386.2327238665419,Layer 4
Ta1 Cre-ON,CBLK1870_1D,CBLK1870_1D_s62,-366.2989375,380.8765303634399,742.6616576775544,545.6959375,361.78512731411456,528.4449763176118,Layer 4
Ta1 Cre-ON,CBLK1870_1D,CBLK1870_1D_s62,-332.4959375,61.06979247842315,422.8549197925377,545.6959375,361.78512731411456,338.05815772934926,Layer 2/3
Ta1 Cre-ON,CBLK1870_1D,CBLK1870_1D_s62,212.11906250000004,233.18426453418044,594.969391848295,545.6959375,361.78512731411456,315.4768579503504,Layer 4
Ta1 Cre-ON,CBLK1870_1D,CBLK1870_1D_s62,331.12406250000004,434.69273286555256,796.4778601796671,545.6959375,361.78512731411456,546.5099878068347,Layer 4
Ta1 Cre-ON,CBLK1870_1D,CBLK1870_1D_s62,249.2840625,332.1513426289331,693.9364699430477,545.6959375,361.78512731411456,415.2918350108834,Layer 4
Ta1 Cre-ON,CBLK1870_1D,CBLK1870_1D_s62,81.45106250000003,251.23876010542585,613.0238874195404,545.6959375,361.78512731411456,264.150412003636,Layer 4
Ta1 Cre-ON,CBLK1870_1D,CBLK1870_1D_s62,439.0590625,898.0429754848753,1259.82810279899,545.6959375,361.78512731411456,999.633080775695,Layer 6
Ta1 Cre-ON,CBLK1870_1D,CBLK1870_1D_s62,439.84906249999983,803.6846361631137,1165.4697634772283,545.6959375,361.78512731411456,916.1814461048452,Layer 5b
Ta1 Cre-ON,CBLK1870_1D,CBLK1870_1D_s62,44.485062500000026,435.6799868084096,797.4651141225241,545.6959375,361.78512731411456,438.1235233253344,Layer 5a
Ta1 Cre-ON,CBLK1870_1D,CBLK1870_1D_s62_2,224.1087142857143,726.622210101954,1064.9692097448108,564.6442857142857,338.34699964285676,760.423607100888,Layer 5b
Ta1 Cre-ON,CBLK1870_1D,CBLK1870_1D_s62_2,421.2967142857143,825.6076087973983,1163.954608440255,564.6442857142857,338.34699964285676,926.8882262428447,Layer 5b
Ta1 Cre-ON,CBLK1870_1D,CBLK1870_1D_s62_2,-39.89628571428568,804.038036297448,1142.3850359403048,564.6442857142857,338.34699964285676,805.0290778613916,Layer 5b
Ta1 Cre-ON,CBLK1870_1D,CBLK1870_1D_s62_2,-22.50028571428561,890.0404119380815,1228.3874115809383,564.6442857142857,338.34699964285676,890.3264213285173,Layer 6
Ta1 Cre-ON,CBLK1870_1D,CBLK1870_1D_s62_2,144.14571428571423,420.09147766206945,758.4384773049262,564.6442857142857,338.34699964285676,444.1371132057644,Layer 4
Ta1 Cre-ON,CBLK1870_1D,CBLK1870_1D_s62_2,123.98171428571425,330.4451986895534,668.7921983324102,564.6442857142857,338.34699964285676,352.9425358181033,Layer 4
Ta1 Cre-ON,CBLK1870_1D,CBLK1870_1D_s62_2,-502.07828571428576,366.42715968892446,704.7741593317812,564.6442857142857,338.34699964285676,621.5759751094668,Layer 4
Ta1 Cre-ON,CBLK1870_1D,CBLK1870_1D_s62_2,-382.48028571428574,402.09628697825065,740.4432866211074,564.6442857142857,338.34699964285676,554.9554322081076,Layer 4
Ta1 Cre-ON,CBLK1870_1D,CBLK1870_1D_s62_2,177.55371428571425,495.2065273269526,833.5535269698094,564.6442857142857,338.34699964285676,526.1124750164688,Layer 5a
Ta1 Cre-ON,CBLK1870_1D,CBLK1870_1D_s62_2,385.12071428571426,720.9260971778386,1059.2730968206954,564.6442857142857,338.34699964285676,817.3479226460449,Layer 5b
Ta1 Cre-ON,CBLK1870_1E,CBLK1870_1E_s57,-484.1499200000001,245.34971059592,518.4849753984973,839.97792,273.13526480257735,542.8228144850842,Layer 4
Ta1 Cre-ON,CBLK1870_1E,CBLK1870_1E_s57,-724.6299200000001,-110.13800396160198,162.99726084097537,839.97792,273.13526480257735,732.992416929297,Layer 2/3
Ta1 Cre-ON,CBLK1870_1E,CBLK1870_1E_s57,-257.01292,613.0171139235342,886.1523787261116,839.97792,273.13526480257735,664.7667601573245,Layer 6
Ta1 Cre-ON,CBLK1870_1E,CBLK1870_1E_s57,-359.31292,-61.140221509292104,211.99504329328525,839.97792,273.13526480257735,364.4961502747755,Layer 2/3
Ta1 Cre-ON,CBLK1870_1E,CBLK1870_1E_s57,-348.04492,-6.4970766158906486,266.6381881866867,839.97792,273.13526480257735,348.1902651458813,Layer 2/3
Ta1 Cre-ON,CBLK1870_1E,CBLK1870_1E_s57,-344.48692000000005,150.64404273783015,423.7793075404075,839.97792,273.13526480257735,376.0772368323874,Layer 4
Ta1 Cre-ON,CBLK1870_1E,CBLK1870_1E_s57,22.60907999999995,81.51929564976092,354.6545604523383,839.97792,273.13526480257735,84.70672028640661,Layer 2/3
Ta1 Cre-ON,CBLK1870_1E,CBLK1870_1E_s57,98.22208,183.20902936976353,456.3442941723409,839.97792,273.13526480257735,208.04410071457752,Layer 4
Ta1 Cre-ON,CBLK1870_1E,CBLK1870_1E_s57,178.77807999999993,240.56739953020735,513.7026643327847,839.97792,273.13526480257735,299.75479646740064,Layer 4
Ta1 Cre-ON,CBLK1870_1E,CBLK1870_1E_s57,120.6590799999999,45.737895728688045,318.8731605312654,839.97792,273.13526480257735,129.08954679653468,Layer 2/3
Ta1 Cre-ON,CBLK1870_1E,CBLK1870_1E_s57,187.4760799999999,315.1988096000862,588.3340744026635,839.97792,273.13526480257735,366.8334670466665,Layer 4
Ta1 Cre-ON,CBLK1870_1E,CBLK1870_1E_s57,268.1300799999999,729.6619441147236,1002.797208917301,839.97792,273.13526480257735,777.3676060205264,Layer 6
Ta1 Cre-ON,CBLK1870_1E,CBLK1870_1E_s57,333.36608,651.083446692886,924.2187114954634,839.97792,273.13526480257735,731.4661306253724,Layer 6
Ta1 Cre-ON,CBLK1870_1E,CBLK1870_1E_s57,-142.65392000000008,209.23344187270266,482.36870667528,839.97792,273.13526480257735,253.2734421317483,Layer 4
Ta1 Cre-ON,CBLK1870_1E,CBLK1870_1E_s57,122.2410799999999,170.8224403672329,443.95770516981025,839.97792,273.13526480257735,210.09961963931116,Layer 4
Ta1 Cre-ON,CBLK1870_1E,CBLK1870_1E_s57,63.72707999999989,89.49394903837435,362.6292138409517,839.97792,273.13526480257735,109.94985238648358,Layer 2/3
Ta1 Cre-ON,CBLK1870_1E,CBLK1870_1E_s57_2,-73.73599999999999,453.5035310422361,727.0045036107097,823.9399999999999,273.50097256847357,459.46321981609844,Layer 5b
Ta1 Cre-ON,CBLK1870_1E,CBLK1870_1E_s57_2,-210.433,310.9692510510764,584.47022361955,823.9399999999999,273.50097256847357,375.483584978448,Layer 4
Ta1 Cre-ON,CBLK1870_1E,CBLK1870_1E_s57_2,-153.89600000000007,268.4544708033078,541.9554433717814,823.9399999999999,273.50097256847357,309.4443111616112,Layer 4
Ta1 Cre-ON,CBLK1870_1E,CBLK1870_1E_s57_2,-162.00099999999998,109.56949759657482,383.0704701650484,823.9399999999999,273.50097256847357,195.5857837486299,Layer 2/3
Ta1 Cre-ON,CBLK1870_1E,CBLK1870_1E_s57_2,120.48700000000008,92.8572336860484,366.358206254522,823.9399999999999,273.50097256847357,152.1301515703755,Layer 2/3
Ta1 Cre-ON,CBLK1870_1E,CBLK1870_1E_s57_2,-105.46399999999994,585.2367974468274,858.737770015301,823.9399999999999,273.50097256847357,594.6669356722458,Layer 6
Ta1 Cre-ON,CBLK1870_1E,CBLK1870_1E_s57_2,-228.52099999999996,468.5882342531048,742.0892068215784,823.9399999999999,273.50097256847357,521.3451646667902,Layer 5b
Ta1 Cre-ON,CBLK1870_1E,CBLK1870_1E_s57_2,172.0820000000001,21.110803219803245,294.6117757882768,823.9399999999999,273.50097256847357,173.38362303454525,Layer 2/3
Ta1 Cre-ON,CBLK1870_1E,CBLK1870_1E_s60,-529.5178888888888,246.98335175403304,530.0772219996832,694.9778888888889,283.0938702456501,584.3273513624239,Layer 4
Ta1 Cre-ON,CBLK1870_1E,CBLK1870_1E_s60,-634.1908888888888,371.5489223285972,654.6427925742473,694.9778888888889,283.0938702456501,735.1303622949646,Layer 5a
Ta1 Cre-ON,CBLK1870_1E,CBLK1870_1E_s60,-255.23388888888877,217.87908627277034,500.97295651842046,694.9778888888889,283.0938702456501,335.91594861368804,Layer 4
Ta1 Cre-ON,CBLK1870_1E,CBLK1870_1E_s60,-295.5608888888889,276.00729472653154,559.1011649721817,694.9778888888889,283.0938702456501,404.45611459869434,Layer 4
Ta1 Cre-ON,CBLK1870_1E,CBLK1870_1E_s60,-11.490888888888776,94.27757051445934,377.37144076010946,694.9778888888889,283.0938702456501,95.02147114776497,Layer 4
Ta1 Cre-ON,CBLK1870_1E,CBLK1870_1E_s60,69.75611111111118,81.44322127299847,364.5370915186486,694.9778888888889,283.0938702456501,107.61310964318919,Layer 2/3
Ta1 Cre-ON,CBLK1870_1E,CBLK1870_1E_s60,-225.58088888888886,155.5139983999718,438.6078686456219,694.9778888888889,283.0938702456501,274.3014864432067,Layer 4
Ta1 Cre-ON,CBLK1870_1E,CBLK1870_1E_s60,-94.51788888888882,341.23970427635265,624.3335745220028,694.9778888888889,283.0938702456501,354.1562507536025,Layer 5a
Ta1 Cre-ON,CBLK1870_1E,CBLK1870_1E_s60,-41.14388888888891,437.7768516145642,720.8707218602143,694.9778888888889,283.0938702456501,439.76115591953436,Layer 5b
Ta1 Cre-ON,CBLK1870_1E,CBLK1870_1E_s60,70.34911111111091,344.10903603895156,627.2029062846017,694.9778888888889,283.0938702456501,351.2279908600624,Layer 5a
Ta1 Cre-ON,CBLK1870_1E,CBLK1870_1E_s60,-15.049888888888859,565.3358603330988,848.429730578749,694.9778888888889,283.0938702456501,565.5585786426066,Layer 5b
Ta1 Cre-ON,CBLK1870_1E,CBLK1870_1E_s60,119.57211111111121,402.571851612556,685.6657218582061,694.9778888888889,283.0938702456501,420.09733636772444,Layer 5a
Ta1 Cre-ON,CBLK1870_1E,CBLK1870_1E_s60,172.35311111111128,278.5246822337475,561.6185524793976,694.9778888888889,283.0938702456501,327.6633356991561,Layer 4
Ta1 Cre-ON,CBLK1870_1E,CBLK1870_1E_s60,367.26811111111124,289.72205877146314,572.8159290171133,694.9778888888889,283.0938702456501,467.9686967229793,Layer 4
Ta1 Cre-ON,CBLK1870_1E,CBLK1870_1E_s60,115.42111111111114,312.30106496773567,595.3949352133858,694.9778888888889,283.0938702456501,332.94904041898286,Layer 4
Ta1 Cre-ON,CBLK1870_1E,CBLK1870_1E_s60,-429.88588888888887,-9.208405072350672,273.88546517329945,694.9778888888889,283.0938702456501,429.99471082710596,Layer 2/3
Ta1 Cre-ON,CBLK1870_1E,CBLK1870_1E_s60,-496.80088888888884,156.285445610277,439.37931585592713,694.9778888888889,283.0938702456501,520.8818788831128,Layer 4
Ta1 Cre-ON,CBLK1870_1E,CBLK1870_1E_s60,-373.24988888888885,284.55816390217626,567.6520341478264,694.9778888888889,283.0938702456501,469.40101304979015,Layer 4
Ta1 Cre-ON,CBLK1870_1E,CBLK1870_1E_s60,180.0631111111112,671.4280339119787,954.5219041576288,694.9778888888889,283.0938702456501,695.1717057303398,Layer 6
Ta1 Cre-ON,CBLK1870_1E,CBLK1870_1E_s60,121.3511111111111,141.42998582954039,424.5238560751905,694.9778888888889,283.0938702456501,186.81139524758734,Layer 4
Ta1 Cre-ON,CBLK1870_1E,CBLK1870_1E_s60,19.6441111111111,97.79227971095895,380.8861499566091,694.9778888888889,283.0938702456501,100.1543264708065,Layer 4
Ta1 Cre-ON,CBLK1870_1E,CBLK1870_1E_s60,292.1491111111113,-9.444090921511304,273.6497793241388,694.9778888888889,283.0938702456501,292.4413821858237,Layer 2/3
Ta1 Cre-ON,CBLK1870_1E,CBLK1870_1E_s63,756.4137647058824,274.0856921597193,532.9068390904578,609.3732352941176,258.82114693073845,804.7401045656586,Layer 4
Ta1 Cre-ON,CBLK1870_1E,CBLK1870_1E_s63,722.5117647058823,203.03584487320313,461.8569918039416,609.3732352941176,258.82114693073845,750.5397169540868,Layer 4
Ta1 Cre-ON,CBLK1870_1E,CBLK1870_1E_s63,256.37676470588247,55.99021129117227,314.8113582219107,609.3732352941176,258.82114693073845,262.43589647858136,Layer 2/3
Ta1 Cre-ON,CBLK1870_1E,CBLK1870_1E_s63,206.56076470588232,103.8167812855857,362.63792821632416,609.3732352941176,258.82114693073845,231.81086482860468,Layer 2/3
Ta1 Cre-ON,CBLK1870_1E,CBLK1870_1E_s63,61.4617647058825,186.6258036962593,445.44695062699776,609.3732352941176,258.82114693073845,196.50798875635343,Layer 4
Ta1 Cre-ON,CBLK1870_1E,CBLK1870_1E_s63,59.88076470588214,351.1599636444414,609.9811105751799,609.3732352941176,258.82114693073845,356.6804057719956,Layer 5a
Ta1 Cre-ON,CBLK1870_1E,CBLK1870_1E_s63,-105.58023529411764,20.80894939380954,279.630096324548,609.3732352941176,258.82114693073845,107.63102347353494,Layer 2/3
Ta1 Cre-ON,CBLK1870_1E,CBLK1870_1E_s63,-309.5882352941176,297.06960032489144,555.8907472556299,609.3732352941176,258.82114693073845,429.23261536680803,Layer 4
Ta1 Cre-ON,CBLK1870_1E,CBLK1870_1E_s63,-476.03623529411766,411.5157170330232,670.3368639637616,609.3732352941176,258.82114693073845,629.2569691288536,Layer 5a
Ta1 Cre-ON,CBLK1870_1E,CBLK1870_1E_s63,-495.0142352941176,384.2843914448903,643.1055383756287,609.3732352941176,258.82114693073845,626.7189553027152,Layer 5a
Ta1 Cre-ON,CBLK1870_1E,CBLK1870_1E_s63,-136.61623529411764,208.31971823359174,467.1408651643302,609.3732352941176,258.82114693073845,249.41234126597317,Layer 4
Ta1 Cre-OFF,CBLK1873_1B,CBLK1873_1B_s59,71.63524999999993,344.9977878171444,718.0235469548002,727.49575,373.02575913765577,352.86836446653285,Layer 5a
Ta1 Cre-OFF,CBLK1873_1B,CBLK1873_1B_s59,-25.031750000000102,204.4853569115611,577.5111160492169,727.49575,373.02575913765577,207.2917019547841,Layer 4
Ta1 Cre-OFF,CBLK1873_1B,CBLK1873_1B_s59,8.17924999999991,124.7118273813362,497.737586518992,727.49575,373.02575913765577,125.87668576569172,Layer 4
Ta1 Cre-OFF,CBLK1873_1B,CBLK1873_1B_s59,-124.66375000000005,452.38908696874194,825.4148461063977,727.49575,373.02575913765577,469.3036720210854,Layer 5b
Ta1 Cre-OFF,CBLK1873_1B,CBLK1873_1B_s59,-517.85375,229.2472042141976,602.2729633518534,727.49575,373.02575913765577,566.434274235845,Layer 4
Ta1 Cre-OFF,CBLK1873_1B,CBLK1873_1B_s59,-598.50775,211.51563028744954,584.5413894251053,727.49575,373.02575913765577,634.8223284242289,Layer 4
Ta1 Cre-OFF,CBLK1873_1B,CBLK1873_1B_s59,-668.48775,230.14004163631944,603.1658007739752,727.49575,373.02575913765577,707.0794231657638,Layer 5a
Ta1 Cre-OFF,CBLK1873_1B,CBLK1873_1B_s59,-424.15175000000005,160.18888666039925,533.214645798055,727.49575,373.02575913765577,453.6410325770375,Layer 4
Ta1 Cre-OFF,CBLK1873_1B,CBLK1873_1B_s59,-467.44475000000006,393.1802040462279,766.2059631838837,727.49575,373.02575913765577,610.9142878967523,Layer 5b
Ta1 Cre-OFF,CBLK1873_1B,CBLK1873_1B_s59,319.72624999999994,312.02482427164966,685.0505834093054,727.49575,373.02575913765577,447.34032447434953,Layer 4
Ta1 Cre-OFF,CBLK1873_1B,CBLK1873_1B_s59,-518.4467500000001,-21.620223206505614,351.40553593115015,727.49575,373.02575913765577,519.1141171621724,Layer 2/3
Ta1 Cre-OFF,CBLK1873_1B,CBLK1873_1B_s59,-625.7877500000001,7.972588278654484,380.99834741631025,727.49575,373.02575913765577,625.8585065443494,Layer 4
Ta1 Cre-OFF,CBLK1873_1B,CBLK1873_1B_s59,-261.26175000000006,-40.955182614210514,332.07057652344525,727.49575,373.02575913765577,264.60542132773065,Layer 2/3
Ta1 Cre-OFF,CBLK1873_1B,CBLK1873_1B_s59,268.82325000000014,167.99712529501699,541.0228844326728,727.49575,373.02575913765577,317.1276932845068,Layer 4
Ta1 Cre-OFF,CBLK1873_1B,CBLK1873_1B_s59,-128.22175000000004,-105.51099629049548,267.5147628471603,727.49575,373.02575913765577,166.56046202888444,Layer 2/3
Ta1 Cre-OFF,CBLK1873_1B,CBLK1873_1B_s68,292.50355555555564,192.99269075931687,432.933080475249,518.7844444444444,239.94038971593216,350.5838024300664,Layer 4
Ta1 Cre-OFF,CBLK1873_1B,CBLK1873_1B_s68,-254.28544444444435,-8.825344999326745,231.1150447166054,518.7844444444444,239.94038971593216,254.4482506174304,Layer 2/3
Ta1 Cre-OFF,CBLK1873_1B,CBLK1873_1B_s68,13.870555555555597,350.4528405210093,590.3932302369415,518.7844444444444,239.94038971593216,351.2002777951347,Layer 5a
Ta1 Cre-OFF,CBLK1873_1B,CBLK1873_1B_s68,-496.9404444444444,346.46808391118634,586.4084736271185,518.7844444444444,239.94038971593216,605.9536002485871,Layer 5a
Ta1 Cre-OFF,CBLK1873_1B,CBLK1873_1B_s68,-115.80944444444435,125.88268615864655,365.8230758745787,518.7844444444444,239.94038971593216,171.60450243959502,Layer 2/3
Ta1 Cre-OFF,CBLK1873_1B,CBLK1873_1B_s68,-192.5094444444444,88.38385093023447,328.32424064616663,518.7844444444444,239.94038971593216,212.2767497067457,Layer 2/3
Ta1 Cre-OFF,CBLK1873_1B,CBLK1873_1B_s68,-484.68444444444435,652.7497276020563,892.6901173179884,518.7844444444444,239.94038971593216,813.0786078290646,Layer 5b
Ta1 Cre-OFF,CBLK1873_1B,CBLK1873_1B_s68,-453.8454444444444,568.9747578694468,808.9151475853789,518.7844444444444,239.94038971593216,727.8760660125063,Layer 5b
Ta1 Cre-OFF,CBLK1873_1B,CBLK1873_1B_s68,-293.1304444444444,585.5660597579057,825.5064494738378,518.7844444444444,239.94038971593216,654.911194543862,Layer 5b
Ta1 Cre-OFF,CBLK1873_1B,CBLK1873_1B_s68,578.0555555555555,33.14526072808337,273.0856504440155,518.7844444444444,239.94038971593216,579.0384699368059,Layer 2/3
Ta1 Cre-OFF,CBLK1873_1B,CBLK1873_1B_s68,95.31555555555565,-81.84425361770451,158.09613609822765,518.7844444444444,239.94038971593216,125.76533583286269,Layer 2/3
Ta1 Cre-OFF,CBLK1873_1B,CBLK1873_1B_s68,-331.38144444444436,71.24464618119225,311.1850358971244,518.7844444444444,239.94038971593216,339.4193729212958,Layer 2/3
