condition,brain_ID,starter_X,starter_Y
Ta1 Cre-OFF,CBLK1843_1E,1326.053,276.3472081198034
Ta1 Cre-OFF,CBLK1843_1E,810.399,243.16809572022024
Ta1 Cre-OFF,CBLK1843_1E,960.44,183.98056767311812
Ta1 Cre-OFF,CBLK1843_1E,323.50699999999995,329.6440975605348
Ta1 Cre-OFF,CBLK1843_1E,483.926,133.17438755474356
Ta1 Cre-OFF,CBLK1843_1E,801.701,307.3293737957957
Ta1 Cre-OFF,CBLK1843_1E,1134.2020000000002,251.68901327120537
Ta1 Cre-OFF,CBLK1843_1E,1259.928,241.45902899705953
Ta1 Cre-OFF,CBLK1843_1E,371.247,354.10976993855445
Ta1 Cre-OFF,CBLK1843_1E,337.345,388.7026798422797
Ta1 Cre-OFF,CBLK1843_1E,747.536,330.9418581913378
Ta1 Cre-OFF,CBLK1843_1E,878.006,224.45986087586547
Ta1 Cre-OFF,CBLK1843_1E,920.112,237.73464252118097
Ta1 Cre-OFF,CBLK1843_1E,980.603,157.72323096035527
Ta1 Cre-OFF,CBLK1843_1E,682.894,197.8656598263376
Ta1 Cre-OFF,CBLK1843_1E,607.379,319.80341432011943
Ta1 Cre-OFF,CBLK1843_1E,611.3329999999999,307.8187974225359
Ta1 Cre-OFF,CBLK1843_1E,115.941,257.7037147239424
Ta1 Cre-OFF,CBLK1843_1E,234.847,202.36406834770523
Ta1 Cre-OFF,CBLK1843_1E,426.302,350.58565113714997
Ta1 Cre-OFF,CBLK1843_1E,383.01,373.86725981758104
Ta1 Cre-OFF,CBLK1843_1E,616.472,389.9088055379548
Ta1 Cre-OFF,CBLK1843_1E,577.331,309.4158878572374
Ta1 Cre-OFF,CBLK1843_1E,621.8100000000001,264.96568096897937
Ta1 Cre-OFF,CBLK1843_1E,181.967,218.86211777782043
Ta1 Cre-OFF,CBLK1843_1E,478.885,151.00155671509302
Ta1 Cre-OFF,CBLK1843_1E,781.339,193.76427030464083
Ta1 Cre-OFF,CBLK1843_1E,550.051,185.61101681778416
Ta1 Cre-OFF,CBLK1843_1E,438.262,335.86890123023807
Ta1 Cre-OFF,CBLK1843_1E,480.665,182.13557129260133
Ta1 Cre-OFF,CBLK1843_1E,287.331,150.66386586490225
Ta1 Cre-OFF,CBLK1843_1E,509.52600000000007,249.0698854451251
Ta1 Cre-OFF,CBLK1843_1E,886.902,274.94091324903394
Ta1 Cre-OFF,CBLK1843_1E,677.556,140.23453924266607
Ta1 Cre-OFF,CBLK1843_1E,933.1590000000001,324.8835518465026
Ta1 Cre-OFF,CBLK1843_1E,3.855,325.17948584134086
Ta1 Cre-OFF,CBLK1843_1F,676.6669999999999,345.32423864249836
Ta1 Cre-OFF,CBLK1843_1F,476.513,304.5709510413901
Ta1 Cre-OFF,CBLK1843_1F,985.743,286.9043114249947
Ta1 Cre-OFF,CBLK1843_1F,1028.442,425.516542995604
Ta1 Cre-OFF,CBLK1843_1F,651.2639999999999,462.0250269196465
Ta1 Cre-OFF,CBLK1843_1F,76.404,229.95051302463116
Ta1 Cre-OFF,CBLK1843_1F,169.71,228.2055598463544
Ta1 Cre-OFF,CBLK1843_1F,429.07,276.77168996162436
Ta1 Cre-OFF,CBLK1843_1F,806.247,368.8944834296718
Ta1 Cre-OFF,CBLK1843_1F,584.052,410.6039763611371
Ta1 Cre-OFF,CBLK1843_1F,268.551,245.69620238602928
Ta1 Cre-OFF,CBLK1843_1F,302.553,391.94785271889344
Ta1 Cre-OFF,CBLK1843_1F,338.13599999999997,333.1897668240337
Ta1 Cre-OFF,CBLK1843_1F,436.186,211.61526598719624
Ta1 Cre-OFF,CBLK1843_1F,848.9470000000001,385.213748310459
Ta1 Cre-OFF,CBLK1843_1F,205.787,377.56442452281937
Ta1 Cre-OFF,CBLK1843_1F,232.178,363.2308340383611
Ta1 Cre-OFF,CBLK1843_1F,346.043,336.09917457140324
Ta1 Cre-OFF,CBLK1843_1F,302.157,296.47737465936507
Ta1 Cre-OFF,CBLK1843_1F,593.937,200.4050329190852
Ta1 Cre-OFF,CBLK1843_1F,440.337,210.83386435567613
Ta1 Cre-OFF,CBLK1843_1F,526.329,357.02733180700136
Ta1 Cre-OFF,CBLK1843_1F,245.225,301.32215037651434
Ta1 Cre-OFF,CBLK1843_1F,97.26,160.9952448007709
Ta1 Cre-OFF,CBLK1843_1F,154.489,229.4592185632858
Ta1 Cre-OFF,CBLK1843_1F,11.564,207.7338506751585
Ta1 Cre-OFF,CBLK1843_1F,235.143,230.18296489647415
Ta1 Cre-OFF,CBLK1843_1F,329.438,346.44886001749995
Ta1 Cre-OFF,CBLK1843_1F,309.867,362.7556851284781
Ta1 Cre-OFF,CBLK1843_1F,16.309,127.11682209256458
Ta1 Cre-OFF,CBLK1843_1F,133.139,155.96217401763337
Ta1 Cre-OFF,CBLK1843_1F,363.83400000000006,260.462316614173
Ta1 Cre-OFF,CBLK1843_1F,329.438,379.06686001749995
Ta1 Cre-OFF,CBLK1843_1F,403.964,363.4490296030298
Ta1 Cre-OFF,CBLK1843_1F,472.757,298.54317506174016
Ta1 Cre-OFF,CBLK1843_1F,518.224,281.84153063872145
Ta1 Cre-OFF,CBLK1843_1F,384.19599999999997,210.4548189501277
Ta1 Cre-OFF,CBLK1843_1F,732.71,358.7095495109188
Ta1 Cre-OFF,CBLK1843_1F,777.386,362.1182760963716
Ta1 Cre-OFF,CBLK1843_1F,1020.733,360.3651399647236
Ta1 Cre-OFF,CBLK1843_1F,920.112,342.461456226845
Ta1 Cre-OFF,CBLK1843_1F,931.9729999999998,376.73405746944775
Ta1 Cre-OFF,CBLK1843_1G,255.603,378.97119495353974
Ta1 Cre-OFF,CBLK1843_1G,323.705,226.2168002135499
Ta1 Cre-OFF,CBLK1843_1G,626.5540000000001,345.92583416414993
Ta1 Cre-OFF,CBLK1843_1G,587.4129999999999,292.33956901875274
Ta1 Cre-OFF,CBLK1843_1G,573.773,247.1739219470462
Ta1 Cre-OFF,CBLK1843_1G,1035.954,338.44244424622156
Ta1 Cre-OFF,CBLK1843_1G,90.14299999999999,404.30334542561025
Ta1 Cre-OFF,CBLK1843_1G,111.592,312.4108976729142
Ta1 Cre-OFF,CBLK1843_1G,423.93,336.1532691038589
Ta1 Cre-OFF,CBLK1843_1G,472.164,407.7566513628249
Ta1 Cre-OFF,CBLK1843_1G,503.793,331.06769618813166
Ta1 Cre-OFF,CBLK1843_1G,520.399,304.2700544596028
Ta1 Cre-OFF,CBLK1843_1G,282.883,190.26887143909576
Ta1 Cre-OFF,CBLK1843_1G,562.11,397.8067788244509
Ta1 Cre-OFF,CBLK1843_1G,767.699,284.6011122709224
Ta1 Cre-OFF,CBLK1843_1G,639.601,194.4085058482389
Ta1 Cre-OFF,CBLK1843_1G,214.98,384.03204821638576
Ta1 Cre-OFF,CBLK1843_1G,233.166,299.59022448398775
Ta1 Cre-OFF,CBLK1843_1G,198.374,135.63661686122092
Ta1 Cre-OFF,CBLK1843_1G,586.622,416.43218334212816
Ta1 Cre-OFF,CBLK1843_1G,695.545,236.6347170495591
Ta1 Cre-OFF,CBLK1843_1G,754.6520000000002,412.66772098083544
Ta1 Cre-OFF,CBLK1843_1G,152.413,432.47568982958705
Ta1 Cre-OFF,CBLK1843_1G,237.515,421.19389219219903
Ta1 Cre-OFF,CBLK1843_1G,223.282,349.3216251623269
Ta1 Cre-OFF,CBLK1843_1G,354.939,381.8984461812324
Ta1 Cre-OFF,CBLK1843_1G,376.881,363.2422537072898
Ta1 Cre-OFF,CBLK1843_1G,53.078,260.10841553032935
Ta1 Cre-OFF,CBLK1843_1G,224.468,293.73542981522905
Ta1 Cre-OFF,CBLK1843_1G,50.112,193.1473035712139
Ta1 Cre-OFF,CBLK1843_1G,230.992,337.3065765804718
Ta1 Cre-OFF,CBLK1843_1G,616.275,422.82183281230766
Ta1 Cre-OFF,CBLK1843_1G,646.322,284.3372401226417
Ta1 Cre-OFF,CBLK1843_1G,533.248,230.65904078484675
Ta1 Cre-OFF,CBLK1843_1G,387.556,271.10697379648076
Ta1 Cre-OFF,CBLK1843_1G,700.982,254.59907125350617
Ta1 Cre-OFF,CBLK1843_1G,486.002,436.9542019469872
Ta1 Cre-OFF,CBLK1843_1G,599.274,432.2092132529254
Ta1 Cre-OFF,CBLK1843_1G,516.84,400.2085919437208
Ta1 Cre-OFF,CBLK1843_1G,388.149,270.5671458819181
Ta1 Cre-ON,CBLK1846_1A,85.399,281.1490052025796
Ta1 Cre-ON,CBLK1846_1A,118.906,151.91584881871654
Ta1 Cre-ON,CBLK1846_1A,237.515,263.0188859836244
Ta1 Cre-ON,CBLK1846_1A,299.192,302.3889754914238
Ta1 Cre-ON,CBLK1846_1A,292.669,230.59316665286207
Ta1 Cre-ON,CBLK1846_1A,247.004,172.84472594924463
Ta1 Cre-ON,CBLK1846_1A,442.117,164.70090617667017
Ta1 Cre-ON,CBLK1846_1A,436.779,213.17451523325877
Ta1 Cre-ON,CBLK1846_1A,456.34999999999997,219.61263265650751
Ta1 Cre-ON,CBLK1846_1A,676.9629999999999,211.73895736232004
Ta1 Cre-ON,CBLK1846_1A,684.673,314.8757686035022
Ta1 Cre-ON,CBLK1846_1A,605.7980000000001,312.46222334540766
Ta1 Cre-ON,CBLK1846_1A,410.092,190.24939752033123
Ta1 Cre-ON,CBLK1846_1A,480.665,144.083891094219
Ta1 Cre-ON,CBLK1846_1A,375.69500000000005,277.4482371147581
Ta1 Cre-ON,CBLK1846_1A,657.3929999999999,171.74106426265112
Ta1 Cre-ON,CBLK1846_1A,622.996,154.991130550367
Ta1 Cre-ON,CBLK1846_1A,954.509,339.3556265026291
Ta1 Cre-ON,CBLK1846_1A,687.6379999999999,240.48985055703295
Ta1 Cre-ON,CBLK1846_1A,922.485,239.75057893053668
Ta1 Cre-ON,CBLK1846_1A,889.867,250.67400733197093
Ta1 Cre-ON,CBLK1846_1A,845.982,255.23395817462895
Ta1 Cre-ON,CBLK1846_1A,1084.386,231.95066130402867
Ta1 Cre-ON,CBLK1846_1A,859.0290000000001,334.33876672555095
Ta1 Cre-ON,CBLK1846_1A,966.3700000000001,352.81933323159564
Ta1 Cre-ON,CBLK1846_1A,872.076,429.96880577481767
Ta1 Cre-ON,CBLK1846_1A,532.26,254.28221717513372
Ta1 Cre-ON,CBLK1846_1A,710.174,253.23604667099107
Ta1 Cre-ON,CBLK1846_1A,1006.697,313.416102604597
Ta1 Cre-ON,CBLK1853_1B,390.225,364.25106639955766
Ta1 Cre-ON,CBLK1853_1B,448.838,319.7914052135103
Ta1 Cre-ON,CBLK1853_1B,587.611,451.3157577352315
Ta1 Cre-ON,CBLK1853_1B,592.355,83.26664860735772
Ta1 Cre-ON,CBLK1853_1B,722.825,320.39187113777564
Ta1 Cre-ON,CBLK1853_1B,469.792,230.28233811879528
Ta1 Cre-ON,CBLK1853_1B,603.4250000000001,364.1432095685661
Ta1 Cre-ON,CBLK1853_1B,566.261,394.6640951547403
Ta1 Cre-ON,CBLK1853_1B,826.016,467.6078470060019
Ta1 Cre-ON,CBLK1855_1A,311.943,259.9388817342618
Ta1 Cre-ON,CBLK1855_1A,336.554,237.4840492311032
Ta1 Cre-ON,CBLK1855_1A,392.696,291.0926542141963
Ta1 Cre-ON,CBLK1855_1A,429.07,320.2229724472675
Ta1 Cre-ON,CBLK1855_1A,609.356,271.5257277742184
Ta1 Cre-ON,CBLK1855_1A,614.1,186.8597241993757
Ta1 Cre-ON,CBLK1855_1A,417.999,366.6950399499358
Ta1 Cre-ON,CBLK1855_1A,308.088,378.91344534265386
Ta1 Cre-ON,CBLK1855_1A,245.62,356.7325257439884
Ta1 Cre-ON,CBLK1855_1A,614.1,314.95772419937566
Ta1 Cre-ON,CBLK1855_1A,752.873,464.3592400491799
Ta1 Cre-ON,CBLK1855_1A,855.6679999999999,362.83870982074967
Ta1 Cre-ON,CBLK1855_1A,932.369,455.0829243978123
Ta1 Cre-ON,CBLK1855_1A,680.126,205.46576443060837
Ta1 Cre-ON,CBLK1855_1A,630.409,385.0082563411973
Ta1 Cre-ON,CBLK1855_1A,624.9729999999998,401.3968940969017
Ta1 Cre-ON,CBLK1855_1A,443.896,312.13312898596956
Ta1 Cre-ON,CBLK1855_1A,783.1189999999999,386.1759035921704
Ta1 Cre-ON,CBLK1855_1A,401.196,376.268878447609
Ta1 Cre-ON,CBLK1855_1A,530.085,349.0854287763575
Ta1 Cre-ON,CBLK1855_1A,757.025,457.49720036214234
Ta1 Cre-ON,CBLK1855_1A,508.735,346.6752535286568
Ta1 Cre-ON,CBLK1855_1A,806.4449999999999,425.57048706707496
Ta1 Cre-ON,CBLK1855_1A,737.652,280.21890107269036
Ta1 Cre-ON,CBLK1855_1A,252.14399999999998,350.68712422534406
Ta1 Cre-ON,CBLK1855_1A,330.426,359.07313217890146
Ta1 Cre-ON,CBLK1855_1A,136.697,382.7399300961234
Ta1 Cre-ON,CBLK1855_1D,135.215,234.08276953159233
Ta1 Cre-ON,CBLK1855_1D,172.478,186.82511966562015
Ta1 Cre-ON,CBLK1855_1D,272.11,211.0601319846147
Ta1 Cre-ON,CBLK1855_1D,312.437,436.54632936178945
Ta1 Cre-ON,CBLK1855_1D,261.04,379.869827439403
Ta1 Cre-ON,CBLK1855_1D,186.711,289.2317895064558
Ta1 Cre-ON,CBLK1855_1D,36.472,403.1440236458176
Ta1 Cre-ON,CBLK1855_1D,465.048,500.8313129271854
Ta1 Cre-ON,CBLK1855_1D,340.903,467.5015552155366
Ta1 Cre-ON,CBLK1855_1D,412.069,471.40731910506935
Ta1 Cre-ON,CBLK1855_1D,65.729,410.0081207905928
Ta1 Cre-ON,CBLK1855_1D,450.815,315.17371218189214
Ta1 Cre-ON,CBLK1855_1D,529.888,475.7204186393013
Ta1 Cre-ON,CBLK1855_1D,524.352,437.5533249711827
Ta1 Cre-ON,CBLK1855_1D,578.1219999999998,416.9943860703672
Ta1 Cre-ON,CBLK1855_1D,757.618,428.806420889416
Ta1 Cre-ON,CBLK1855_1D,733.8959999999998,478.3803218658109
Ta1 Cre-ON,CBLK1855_1D,929.206,303.9445759576567
Ta1 Cre-ON,CBLK1855_1D,806.643,346.5259585640509
Ta1 Cre-ON,CBLK1855_1D,828.7829999999999,379.4682122152057
Ta1 Cre-ON,CBLK1855_1D,698.313,416.9535564909519
Ta1 Cre-ON,CBLK1855_1D,768.688,162.12804133071808
Ta1 Cre-ON,CBLK1855_1D,620.8210000000001,229.7771784248828
Ta1 Cre-ON,CBLK1855_1D,926.834,288.1022411032715
Ta1 Cre-ON,CBLK1855_1D,216.166,316.65619624579926
Ta1 Cre-ON,CBLK1855_1D,263.906,384.6273934384512
Ta1 Cre-ON,CBLK1855_1D,187.106,292.62435020791526
Ta1 Cre-ON,CBLK1855_1D,187.106,123.6053502079153
Ta1 Cre-ON,CBLK1855_1D,360.869,363.5386124435475
Ta1 Cre-ON,CBLK1855_1D,361.46200000000005,404.4499627803459
Ta1 Cre-ON,CBLK1855_1D,45.961,337.04381240900915
Ta1 Cre-ON,CBLK1855_1D,624.775,228.76357357695937
Ta1 Cre-ON,CBLK1855_1D,340.706,468.0952537779014
Ta1 Cre-ON,CBLK1855_1D,413.057,469.9813731969291
Ta1 Cre-ON,CBLK1855_1D,580.297,454.0675122592653
Ta1 Cre-ON,CBLK1855_1D,942.6480000000001,336.3282944554491
Ta1 Cre-ON,CBLK1855_1D,927.229,286.7892826120938
Ta1 Cre-ON,CBLK1855_1D,468.804,501.7471346834655
Ta1 Cre-ON,CBLK1855_1D,406.53399999999993,285.81152109881907
Ta1 Cre-ON,CBLK1870_1A,609.0589999999999,427.1693787278011
Ta1 Cre-ON,CBLK1870_1A,516.247,367.2335604044991
Ta1 Cre-ON,CBLK1870_1A,713.732,339.9684829054843
Ta1 Cre-ON,CBLK1870_1A,673.9979999999999,336.92760269178194
Ta1 Cre-ON,CBLK1870_1A,1142.505,221.34515770834128
Ta1 Cre-ON,CBLK1870_1A,817.515,275.3524207848856
Ta1 Cre-ON,CBLK1870_1A,772.444,280.08635032200647
Ta1 Cre-ON,CBLK1870_1A,185.624,307.2623591038817
Ta1 Cre-ON,CBLK1870_1A,534.039,358.96522606177007
Ta1 Cre-ON,CBLK1870_1A,664.707,358.40614290389004
Ta1 Cre-ON,CBLK1870_1A,1056.118,480.5351009450793
Ta1 Cre-ON,CBLK1870_1A,754.059,286.8418208951735
Ta1 Cre-ON,CBLK1870_1B,451.902,464.9633320334648
Ta1 Cre-ON,CBLK1870_1B,550.051,410.2050786221647
Ta1 Cre-ON,CBLK1870_1B,613.211,251.25913259143223
Ta1 Cre-ON,CBLK1870_1B,541.155,421.19331035363894
Ta1 Cre-ON,CBLK1870_1B,782.3279999999999,464.24609458326586
Ta1 Cre-ON,CBLK1870_1B,858.831,539.8959357905342
Ta1 Cre-ON,CBLK1870_1B,998.7899999999998,410.1773610494857
Ta1 Cre-ON,CBLK1870_1B,801.5030000000002,444.3002316597069
Ta1 Cre-ON,CBLK1870_1B,60.194,214.23229649077385
Ta1 Cre-ON,CBLK1870_1C,500.5319999999999,365.8279272553126
Ta1 Cre-ON,CBLK1870_1C,406.53399999999993,397.8791513311672
Ta1 Cre-ON,CBLK1870_1C,612.914,184.2132141895363
Ta1 Cre-ON,CBLK1870_1C,537.004,150.08970898800877
Ta1 Cre-ON,CBLK1870_1C,738.6399999999999,314.5023539926066
Ta1 Cre-ON,CBLK1870_1C,522.771,272.401412337036
Ta1 Cre-ON,CBLK1870_1C,330.624,243.72522882163705
Ta1 Cre-ON,CBLK1870_1C,82.73,383.9505499400131
Ta1 Cre-ON,CBLK1870_1C,10.378,278.5801441667305
Ta1 Cre-ON,CBLK1870_1C,201.339,344.39506564689333
Ta1 Cre-ON,CBLK1870_1C,193.63,383.3430583114786
Ta1 Cre-ON,CBLK1870_1C,135.511,355.13956013722753
Ta1 Cre-ON,CBLK1870_1C,246.411,275.57660530331225
Ta1 Cre-ON,CBLK1870_1C,340.11199999999997,467.9926548177817
Ta1 Cre-ON,CBLK1870_1C,435.593,415.8392891284048
Ta1 Cre-ON,CBLK1870_1C,412.464,410.40132003715854
Ta1 Cre-ON,CBLK1870_1C,245.225,181.08767018123012
Ta1 Cre-ON,CBLK1870_1C,166.35,356.96144582291583
Ta1 Cre-ON,CBLK1870_1C,182.955,434.18329649150184
Ta1 Cre-ON,CBLK1870_1C,182.955,372.5062964915018
Ta1 Cre-ON,CBLK1870_1C,340.706,398.68492726721985
Ta1 Cre-ON,CBLK1870_1C,321.728,447.09876626819886
Ta1 Cre-ON,CBLK1870_1C,516.247,389.9181324700282
Ta1 Cre-ON,CBLK1870_1C,565.47,248.6481383396236
Ta1 Cre-ON,CBLK1870_1C,423.13900000000007,325.57236508377133
Ta1 Cre-ON,CBLK1870_1C,354.939,417.1558590060624
Ta1 Cre-ON,CBLK1870_1C,372.73,347.0466972823292
Ta1 Cre-ON,CBLK1870_1C,407.72,309.6482792242551
Ta1 Cre-ON,CBLK1870_1C,394.08,424.92119984735353
Ta1 Cre-ON,CBLK1870_1C,365.02,447.4985146988544
Ta1 Cre-ON,CBLK1870_1C,272.505,423.2473778518618
Ta1 Cre-ON,CBLK1870_1C,475.92,203.87365914680632
Ta1 Cre-ON,CBLK1870_1C,3.855,403.9306044163867
Ta1 Cre-ON,CBLK1870_1C,225.65400000000002,230.01085421934545
Ta1 Cre-ON,CBLK1870_1C,182.955,233.1402964915018
Ta1 Cre-ON,CBLK1870_1C,577.331,443.87923000314026
Ta1 Cre-ON,CBLK1870_1C,490.746,361.7427620541069
Ta1 Cre-ON,CBLK1870_1C,663.916,368.2548449722065
Ta1 Cre-ON,CBLK1870_1C,703.057,275.50830428235474
Ta1 Cre-ON,CBLK1870_1C,695.941,382.119814266894
Ta1 Cre-ON,CBLK1870_1C,993.255,209.68057973184824
Ta1 Cre-ON,CBLK1870_1C,883.344,212.73631007660643
Ta1 Cre-ON,CBLK1870_1C,737.059,419.0650785654621
Ta1 Cre-ON,CBLK1870_1C,809.806,389.504144794416
Ta1 Cre-ON,CBLK1870_1C,829.574,395.45691400158626
Ta1 Cre-ON,CBLK1870_1C,924.461,387.9824480127483
Ta1 Cre-ON,CBLK1870_1C,995.627,319.41504637557773
Ta1 Cre-ON,CBLK1870_1C,899.158,344.1300415895617
Ta1 Cre-ON,CBLK1870_1C,1105.538,199.3627786418789
Ta1 Cre-ON,CBLK1870_1C,928.4150000000001,354.5636388468441
Ta1 Cre-ON,CBLK1870_1C,1246.288,379.24223188574734
Ta1 Cre-ON,CBLK1870_1C,1139.54,349.63982821846685
Ta1 Cre-ON,CBLK1870_1C,1057.304,352.94301246808266
Ta1 Cre-ON,CBLK1870_1C,1383.875,360.1205515105481
Ta1 Cre-ON,CBLK1870_1C,735.675,372.00655596649545
Ta1 Cre-ON,CBLK1870_1C,869.1100000000001,437.8278388653715
Ta1 Cre-ON,CBLK1870_1C,692.9750000000001,369.01075518384266
Ta1 Cre-ON,CBLK1870_1C,691.789,398.6371573486357
Ta1 Cre-ON,CBLK1870_1C,1370.532,365.7510185248461
Ta1 Cre-ON,CBLK1870_1C,1246.288,339.74081002046796
Ta1 Cre-ON,CBLK1870_1C,1321.0120000000002,250.05392351462103
Ta1 Cre-ON,CBLK1870_1C,1063.037,403.6721713545205
Ta1 Cre-ON,CBLK1870_1C,1341.176,244.73914317336644
Ta1 Cre-ON,CBLK1870_1C,1396.9219999999998,331.48313507842335
Ta1 Cre-ON,CBLK1870_1C,1410.562,199.18409809308477
Ta1 Cre-ON,CBLK1870_1C,1319.2329999999997,480.7216536952047
Ta1 Cre-ON,CBLK1870_1C,1044.652,383.8375062909492
Ta1 Cre-ON,CBLK1870_1C,1176.309,271.7687851615635
Ta1 Cre-ON,CBLK1870_1C,1299.663,340.37940225779346
Ta1 Cre-ON,CBLK1870_1C,1213.6709999999998,402.3105050268847
Ta1 Cre-ON,CBLK1870_1C,984.162,364.2418435477273
Ta1 Cre-ON,CBLK1870_1C,1057.106,410.8710056551598
Ta1 Cre-ON,CBLK1870_1C,816.329,365.0968427263072
Ta1 Cre-ON,CBLK1870_1C,926.6359999999999,374.1387801386699
Ta1 Cre-ON,CBLK1870_1C,936.718,402.15195772292145
Ta1 Cre-ON,CBLK1870_1C,829.969,314.2490922097831
Ta1 Cre-ON,CBLK1870_1C,763.5479999999999,441.8474352445645
Ta1 Cre-ON,CBLK1870_1C,750.501,364.7742879214873
Ta1 Cre-ON,CBLK1870_1C,848.354,461.98231906681866
Ta1 Cre-ON,CBLK1870_1C,812.771,334.669415446833
Ta1 Cre-ON,CBLK1870_1C,913.589,398.1411785934633
Ta1 Cre-ON,CBLK1870_1C,949.765,364.9807937777402
Ta1 Cre-ON,CBLK1870_1C,850.726,273.67872227599355
Ta1 Cre-ON,CBLK1870_1C,1153.18,328.68770547316535
Ta1 Cre-ON,CBLK1870_1C,896.9840000000002,433.87593769880306
Ta1 Cre-ON,CBLK1870_1C,959.847,389.93565047028545
Ta1 Cre-ON,CBLK1870_1C,971.1140000000001,422.348785919015
Ta1 Cre-ON,CBLK1870_1C,1073.119,412.1579981691923
Ta1 Cre-ON,CBLK1870_1C,1076.0840000000003,373.55144685850286
Ta1 Cre-ON,CBLK1870_1C,939.6830000000002,389.20825823050234
Ta1 Cre-ON,CBLK1870_1C,823.0500000000002,278.9065651446045
Ta1 Cre-ON,CBLK1870_1C,827.004,231.77960636346015
Ta1 Cre-ON,CBLK1870_1C,738.442,220.33701807242636
Ta1 Cre-ON,CBLK1870_1C,600.065,291.5555530202111
Ta1 Cre-ON,CBLK1870_1C,690.9990000000001,380.49357739572247
Ta1 Cre-ON,CBLK1870_1C,631.694,247.7126052223745
Ta1 Cre-ON,CBLK1870_1C,298.797,329.82752922270095
Ta1 Cre-ON,CBLK1870_1C,372.33500000000004,292.71839689038524
Ta1 Cre-ON,CBLK1870_1C,313.821,314.5404634396417
Ta1 Cre-ON,CBLK1870_1C,427.686,369.0352756149991
Ta1 Cre-ON,CBLK1870_1C,421.36,236.72862377235836
Ta1 Cre-ON,CBLK1870_1C,508.34,322.65698273203884
Ta1 Cre-ON,CBLK1870_1C,674.393,300.0932200571594
Ta1 Cre-ON,CBLK1870_1C,564.8770000000001,323.59175708374806
Ta1 Cre-ON,CBLK1870_1C,498.456,337.0995367430732
Ta1 Cre-ON,CBLK1870_1C,446.564,357.9409824374097
Ta1 Cre-ON,CBLK1870_1C,729.744,354.89409701291146
Ta1 Cre-ON,CBLK1870_1C,870.4939999999999,354.4496666647232
Ta1 Cre-ON,CBLK1870_1C,54.56,309.90305898705054
Ta1 Cre-ON,CBLK1870_1C,92.219,356.50699258528005
Ta1 Cre-ON,CBLK1870_1C,239.29399999999998,361.6149029188599
Ta1 Cre-ON,CBLK1870_1C,379.254,381.5299560871182
Ta1 Cre-ON,CBLK1870_1C,364.2300000000001,327.192459917567
Ta1 Cre-ON,CBLK1870_1C,533.446,391.5272363082304
Ta1 Cre-ON,CBLK1870_1C,114.35900000000001,198.6073355125056
Ta1 Cre-ON,CBLK1870_1C,130.965,285.82812845608703
Ta1 Cre-ON,CBLK1870_1C,631.496,228.8349521317317
Ta1 Cre-ON,CBLK1870_1C,742.198,323.42902549760475
Ta1 Cre-ON,CBLK1870_1C,727.174,349.7715015528897
Ta1 Cre-ON,CBLK1870_1C,867.134,325.4258982776495
Ta1 Cre-ON,CBLK1870_1C,79.567,382.3634294988862
Ta1 Cre-ON,CBLK1870_1C,312.042,371.1426093910184
Ta1 Cre-ON,CBLK1870_1C,790.433,270.56336135099195
Ta1 Cre-ON,CBLK1870_1C,461.489,388.3737519479059
Ta1 Cre-ON,CBLK1870_1C,464.652,289.0672496722919
Ta1 Cre-ON,CBLK1870_1C,890.065,363.1313972697127
Ta1 Cre-ON,CBLK1870_1C,240.085,335.68000677113
Ta1 Cre-ON,CBLK1870_1C,259.063,290.388798039466
Ta1 Cre-ON,CBLK1870_1C,172.873,397.8791906119706
Ta1 Cre-ON,CBLK1870_1C,103.28900000000002,406.0776094218014
Ta1 Cre-ON,CBLK1870_1C,171.292,273.3701792200139
Ta1 Cre-ON,CBLK1870_1C,186.316,375.6354174024249
Ta1 Cre-ON,CBLK1870_1C,293.855,449.4353715183002
Ta1 Cre-ON,CBLK1870_1C,612.519,402.95945955513014
Ta1 Cre-ON,CBLK1870_1C,392.696,160.38297869908357
Ta1 Cre-ON,CBLK1870_1C,670.2420000000001,206.6903107343401
Ta1 Cre-ON,CBLK1870_1C,493.90900000000005,437.36346608624314
Ta1 Cre-ON,CBLK1870_1C,274.087,320.9091329306087
Ta1 Cre-ON,CBLK1870_1C,443.303,285.203898982256
Ta1 Cre-ON,CBLK1870_1C,17.889999999999997,315.75206451024064
Ta1 Cre-ON,CBLK1870_1C,988.3129999999999,285.65678372955205
Ta1 Cre-ON,CBLK1870_1C,1062.641,214.0364967984588
Ta1 Cre-ON,CBLK1870_1C,1125.109,165.97103460724577
Ta1 Cre-ON,CBLK1870_1C,1378.143,232.3626753272304
Ta1 Cre-ON,CBLK1870_1C,551.83,379.5308233130816
Ta1 Cre-ON,CBLK1870_1C,575.552,339.805325269544
Ta1 Cre-ON,CBLK1870_1C,532.853,361.63448709153647
Ta1 Cre-ON,CBLK1870_1C,524.155,326.1976811997243
Ta1 Cre-ON,CBLK1870_1C,667.2770000000002,418.7673862711849
Ta1 Cre-ON,CBLK1870_1C,639.601,358.14026064606816
Ta1 Cre-ON,CBLK1870_1C,125.72600000000001,459.9608143635411
Ta1 Cre-ON,CBLK1870_1C,360.276,350.33225814997263
Ta1 Cre-ON,CBLK1870_1C,172.873,271.36319061197077
Ta1 Cre-ON,CBLK1870_1C,536.6089999999999,359.3326439165616
Ta1 Cre-ON,CBLK1870_1C,459.117,379.4287675512176
Ta1 Cre-ON,CBLK1870_1C,676.568,398.9041677110987
Ta1 Cre-ON,CBLK1870_1C,113.56900000000003,258.49975413197836
Ta1 Cre-ON,CBLK1870_1C,928.81,345.2800831046601
Ta1 Cre-ON,CBLK1870_1C,102.498,404.28892070532504
Ta1 Cre-ON,CBLK1870_1C,385.579,344.45018794481666
Ta1 Cre-ON,CBLK1870_1C,1325.757,301.614248380625
Ta1 Cre-ON,CBLK1870_1C,666.4860000000001,418.3608823290722
Ta1 Cre-ON,CBLK1870_1C,284.366,317.06495828501346
Ta1 Cre-ON,CBLK1870_1C,244.039,342.5991995299526
Ta1 Cre-ON,CBLK1870_1C,752.478,414.72881186486336
Ta1 Cre-ON,CBLK1870_1C,542.935,441.8092602073205
Ta1 Cre-ON,CBLK1870_1C,521.585,396.7707927595719
Ta1 Cre-ON,CBLK1870_1C,513.678,415.1248198573937
Ta1 Cre-ON,CBLK1870_1C,935.1360000000001,319.12561878875624
Ta1 Cre-ON,CBLK1870_1C,975.464,323.24411054707434
Ta1 Cre-ON,CBLK1870_1C,395.068,158.92024806792978
Ta1 Cre-ON,CBLK1870_1C,412.464,241.02812074796432
Ta1 Cre-ON,CBLK1870_1D,154.192,103.15922149688748
Ta1 Cre-ON,CBLK1870_1D,94.591,361.2097250112935
Ta1 Cre-ON,CBLK1870_1D,367.393,162.09797786343643
Ta1 Cre-ON,CBLK1870_1D,501.817,266.1007261559575
Ta1 Cre-ON,CBLK1870_1D,95.382,182.56428424685535
Ta1 Cre-ON,CBLK1870_1D,70.078,438.45163862243334
Ta1 Cre-ON,CBLK1870_1D,167.338,396.85790446528625
Ta1 Cre-ON,CBLK1870_1D,202.921,428.94565643588146
Ta1 Cre-ON,CBLK1870_1D,584.052,399.7584796364971
Ta1 Cre-ON,CBLK1870_1D,686.847,369.0044440372792
Ta1 Cre-ON,CBLK1870_1D,693.173,352.2625430653369
Ta1 Cre-ON,CBLK1870_1D,647.3110000000001,356.2612980641395
Ta1 Cre-ON,CBLK1870_1D,736.6630000000001,354.4385054488558
Ta1 Cre-ON,CBLK1870_1D,1043.466,300.4982734667477
Ta1 Cre-ON,CBLK1870_1D,824.434,319.60820974120315
Ta1 Cre-ON,CBLK1870_1D,821.2709999999998,278.14331548727336
Ta1 Cre-ON,CBLK1870_1D,1023.698,296.552524558782
Ta1 Cre-ON,CBLK1870_1D,856.854,138.16003532399017
Ta1 Cre-ON,CBLK1870_1D,937.508,213.71069759690704
Ta1 Cre-ON,CBLK1870_1D,864.761,214.9513900404691
Ta1 Cre-ON,CBLK1870_1D,891.646,420.39721845642293
Ta1 Cre-ON,CBLK1870_1D,1057.106,375.8767205701455
Ta1 Cre-ON,CBLK1870_1D,1205.368,378.2833835914562
Ta1 Cre-ON,CBLK1870_1D,1167.413,237.662091826692
Ta1 Cre-ON,CBLK1870_1D,1319.2329999999997,164.81148277967006
Ta1 Cre-ON,CBLK1870_1D,1313.3029999999999,219.76993458496045
Ta1 Cre-ON,CBLK1870_1D,1297.29,387.8528860190904
Ta1 Cre-ON,CBLK1870_1D,1213.6709999999998,134.4176233871953
Ta1 Cre-ON,CBLK1870_1D,104.37600000000002,439.7365758295024
Ta1 Cre-ON,CBLK1870_1D,37.658,508.2274974582984
Ta1 Cre-ON,CBLK1870_1D,318.367,418.18052468446086
Ta1 Cre-ON,CBLK1870_1D,19.472,326.6282120339346
Ta1 Cre-ON,CBLK1870_1D,383.998,363.8214127879158
Ta1 Cre-ON,CBLK1870_1D,293.855,318.8304517756439
Ta1 Cre-ON,CBLK1870_1D,198.177,427.9717998513368
Ta1 Cre-ON,CBLK1870_1D,164.966,396.0783295760054
Ta1 Cre-ON,CBLK1870_1D,358.695,375.0279346093481
Ta1 Cre-ON,CBLK1870_1D,586.2269999999999,401.75159878336774
Ta1 Cre-ON,CBLK1870_1D,690.603,367.2185809236766
Ta1 Cre-ON,CBLK1870_1D,737.256,352.3261356767432
Ta1 Cre-ON,CBLK1870_1D,741.21,512.4721655016141
Ta1 Cre-ON,CBLK1870_1D,821.864,417.57431531658153
Ta1 Cre-ON,CBLK1870_1D,717.488,434.0652717107578
Ta1 Cre-ON,CBLK1870_1D,658.974,447.7879271730159
Ta1 Cre-ON,CBLK1870_1D,930.985,198.13398588356208
Ta1 Cre-ON,CBLK1870_1D,1189.356,243.20409095178215
Ta1 Cre-ON,CBLK1870_1D,1209.124,190.37250211022484
Ta1 Cre-ON,CBLK1870_1D,1005.907,298.98605397848115
Ta1 Cre-ON,CBLK1870_1D,1021.721,194.1150409281358
Ta1 Cre-ON,CBLK1870_1D,1372.014,348.6312708990384
Ta1 Cre-ON,CBLK1870_1D,1314.2910000000002,219.9011996561779
Ta1 Cre-ON,CBLK1870_1D,210.235,473.8159197146821
Ta1 Cre-ON,CBLK1870_1D,166.053,465.6552907782931
Ta1 Cre-ON,CBLK1870_1D,224.271,375.3564505362326
Ta1 Cre-ON,CBLK1870_1D,421.953,305.96070999850224
Ta1 Cre-ON,CBLK1870_1D,429.86,433.56357808584704
Ta1 Cre-ON,CBLK1870_1D,274.087,185.32700288355508
Ta1 Cre-ON,CBLK1870_1D,394.27699999999993,269.0215133214303
Ta1 Cre-ON,CBLK1870_1D,9.983,187.01675330395383
Ta1 Cre-ON,CBLK1870_1D,558.5509999999999,460.6473863097089
Ta1 Cre-ON,CBLK1870_1D,661.346,399.84035532533017
Ta1 Cre-ON,CBLK1870_1D,656.602,318.1552096751854
Ta1 Cre-ON,CBLK1870_1D,528.504,340.87210125175505
Ta1 Cre-ON,CBLK1870_1D,829.574,496.06080999609975
Ta1 Cre-ON,CBLK1870_1D,1002.744,469.5693517027344
Ta1 Cre-ON,CBLK1870_1D,856.459,461.21620497768106
Ta1 Cre-ON,CBLK1870_1D,1050.978,490.2438465399698
Ta1 Cre-ON,CBLK1870_1D,665.893,130.05547233955383
Ta1 Cre-ON,CBLK1870_1D,255.603,306.72415711782185
Ta1 Cre-ON,CBLK1870_1D,108.231,257.09984868656323
Ta1 Cre-ON,CBLK1870_1D,139.07,393.6702798293184
Ta1 Cre-ON,CBLK1870_1D,433.221,432.8854527643088
Ta1 Cre-ON,CBLK1870_1D,427.883,383.47971005680654
Ta1 Cre-ON,CBLK1870_1D,529.888,340.4336201288875
Ta1 Cre-ON,CBLK1870_1D,706.616,328.2086425110038
Ta1 Cre-ON,CBLK1870_1D,665.1020000000001,128.56871654013435
Ta1 Cre-ON,CBLK1870_1D,503.793,400.3273729920643
Ta1 Cre-ON,CBLK1870_1D,599.867,241.75512450422855
Ta1 Cre-ON,CBLK1870_1D,913.589,452.6051799899052
Ta1 Cre-ON,CBLK1870_1D,842.423,269.4926723030123
Ta1 Cre-ON,CBLK1870_1D,1127.679,486.4959318946288
Ta1 Cre-ON,CBLK1870_1D,652.055,315.1112856813111
Ta1 Cre-ON,CBLK1870_1E,531.37,255.24831615840975
Ta1 Cre-ON,CBLK1870_1E,630.706,223.0095260917859
Ta1 Cre-ON,CBLK1870_1E,651.2639999999999,224.30485049371163
Ta1 Cre-ON,CBLK1870_1E,770.072,297.7887871420658
Ta1 Cre-ON,CBLK1870_1E,772.444,419.477109767431
Ta1 Cre-ON,CBLK1870_1E,579.7029999999999,327.98111218800244
Ta1 Cre-ON,CBLK1870_1E,823.446,282.57957961097895
Ta1 Cre-ON,CBLK1870_1E,708.9880000000002,351.00345137991405
Ta1 Cre-ON,CBLK1870_1E,884.53,257.9134002984498
Ta1 Cre-ON,CBLK1870_1E,792.0139999999999,182.51155050604396
Ta1 Cre-ON,CBLK1870_1E,732.71,317.6407850240752
Ta1 Cre-ON,CBLK1870_1E,573.773,171.25023292038472
Ta1 Cre-ON,CBLK1870_1E,1284.243,307.84047016486295
Ta1 Cre-ON,CBLK1870_1E,1179.867,353.5222323909866
Ta1 Cre-ON,CBLK1870_1E,1172.7499999999998,183.57273019899364
Ta1 Cre-ON,CBLK1870_1E,1043.071,298.1713431780299
Ta1 Cre-ON,CBLK1870_1E,1103.166,280.71340624848693
Ta1 Cre-ON,CBLK1870_1E,1084.386,161.13435573894316
Ta1 Cre-ON,CBLK1870_1E,1213.6709999999998,416.51692057985576
Ta1 Cre-ON,CBLK1870_1E,856.656,186.95227826679343
Ta1 Cre-ON,CBLK1870_1E,139.36599999999999,163.40380626397294
Ta1 Cre-ON,CBLK1870_1E,1115.966,322.14059101414546
Ta1 Cre-ON,CBLK1870_1E,820.4810000000001,359.8919100629581
Ta1 Cre-ON,CBLK1870_1E,546.196,235.43464388823784
Ta1 Cre-ON,CBLK1870_1E,988.609,248.3782304869141
Ta1 Cre-ON,CBLK1870_1E,553.313,211.5166029194162
Ta1 Cre-ON,CBLK1870_1E,746.35,324.40086261879327
Ta1 Cre-ON,CBLK1870_1E,1248.265,330.85999315799324
Ta1 Cre-ON,CBLK1870_1E,747.832,227.22643157769176
Ta1 Cre-ON,CBLK1870_1E,408.609,296.82641130461906
Ta1 Cre-ON,CBLK1870_1E,499.444,335.3169942945802
Ta1 Cre-ON,CBLK1870_1E,244.83,223.9756444580696
Ta1 Cre-ON,CBLK1870_1E,459.117,252.0520765206481
Ta1 Cre-ON,CBLK1870_1E,447.256,288.53477810213036
Ta1 Cre-ON,CBLK1870_1E,377.672,234.9669434719431
Ta1 Cre-ON,CBLK1870_1E,453.58199999999994,186.11140485261004
Ta1 Cre-ON,CBLK1870_1E,506.16600000000005,318.14974467574746
Ta1 Cre-ON,CBLK1870_1E,649.2879999999999,295.03007466537167
Ta1 Cre-ON,CBLK1870_1E,676.9629999999999,270.1565335913266
Ta1 Cre-ON,CBLK1870_1E,613.705,236.6746713000541
Ta1 Cre-ON,CBLK1870_1E,643.753,206.65502017873231
Ta1 Cre-ON,CBLK1870_1E,597.8899999999999,233.74196878508616
Ta1 Cre-ON,CBLK1870_1E,631.101,243.40206222942328
Ta1 Cre-ON,CBLK1870_1E,781.339,321.0760940867085
Ta1 Cre-ON,CBLK1870_1E,631.101,295.5900622294233
Ta1 Cre-ON,CBLK1870_1E,749.71,291.50022095331036
Ta1 Cre-ON,CBLK1870_1E,839.853,205.44913787186505
Ta1 Cre-ON,CBLK1870_1E,865.948,399.7098916664313
Ta1 Cre-ON,CBLK1870_1E,1133.609,362.2691152382654
Ta1 Cre-ON,CBLK1870_1E,773.6300000000001,275.95079884692655
Ta1 Cre-ON,CBLK1870_1E,768.292,322.1084914835715
Ta1 Cre-ON,CBLK1870_1E,966.963,263.83523891672047
Ta1 Cre-ON,CBLK1870_1E,1010.256,326.5505946326199
Ta1 Cre-ON,CBLK1870_1E,1024.489,395.33854277460927
Ta1 Cre-ON,CBLK1870_1E,984.162,391.6473208931517
Ta1 Cre-ON,CBLK1870_1E,1025.675,170.91465860860794
Ta1 Cre-ON,CBLK1870_1E,416.319,210.10511891062217
Ta1 Cre-ON,CBLK1870_1E,177.025,356.1551697071404
Ta1 Cre-ON,CBLK1870_1E,172.28,372.07151320428943
Ta1 Cre-ON,CBLK1870_1E,400.01,339.9231102131933
Ta1 Cre-ON,CBLK1870_1E,688.2310000000001,177.83053688512825
Ta1 Cre-ON,CBLK1870_1E,694.162,340.0456387206621
Ta1 Cre-ON,CBLK1870_1E,579.7029999999999,173.52268356927945
Ta1 Cre-ON,CBLK1870_1E,759.9899999999999,360.9676567285215
Ta1 Cre-ON,CBLK1870_1E,662.137,212.117404298172
Ta1 Cre-ON,CBLK1870_1E,635.45,243.79349466816913
Ta1 Cre-ON,CBLK1870_1E,585.041,303.95805967850254
Ta1 Cre-ON,CBLK1870_1E,421.953,263.4879421462205
Ta1 Cre-ON,CBLK1870_1E,553.6090000000002,132.62413496401598
Ta1 Cre-ON,CBLK1870_1E,1278.313,197.3054092594612
Ta1 Cre-ON,CBLK1870_1E,866.7379999999999,198.0683385701683
Ta1 Cre-ON,CBLK1870_1E,952.137,201.33180625776404
Ta1 Cre-ON,CBLK1870_1E,516.247,316.6514800412431
Ta1 Cre-OFF,CBLK1873_1B,470.286,273.72915971139815
Ta1 Cre-OFF,CBLK1873_1B,682.301,398.9740166876737
Ta1 Cre-OFF,CBLK1873_1B,707.2090000000001,417.1011981009201
Ta1 Cre-OFF,CBLK1873_1B,1050.187,402.2986620506311
Ta1 Cre-OFF,CBLK1873_1B,630.409,216.41737891022296
Ta1 Cre-OFF,CBLK1873_1B,881.762,193.1869760884415
Ta1 Cre-OFF,CBLK1873_1B,404.755,343.3160341972965
Ta1 Cre-OFF,CBLK1873_1B,335.961,149.66555857187305
Ta1 Cre-OFF,CBLK1873_1B,770.072,222.65289680041064
Ta1 Cre-OFF,CBLK1873_1B,25.798,234.26814170409853
Ta1 Cre-OFF,CBLK1873_1B,459.908,373.04212562897584
Ta1 Cre-OFF,CBLK1873_1B,121.87099999999998,286.14440539874056
Ta1 Cre-OFF,CBLK1873_1B,1038.524,140.76999014332975
